,alpha,beta,delta_m,lam,lamb,mmin,mpp,mu_chi,mu_spin,sigma_chi,sigma_spin,sigpp,xi_spin
0,3.8777356,1.6413889,4.5501637,0.012784926,5.0011883,5.86069,32.946407,0.10080851,0.14539623,0.30539528,0.28242162,1.5867417,0.925053
1,3.483172,0.61325693,3.807355,0.029154766,4.027196,5.5476656,34.518585,0.10475633,0.08902967,0.2783791,0.32572448,3.8729424,0.8081719
2,3.6692376,0.8172126,6.5307884,0.013279746,3.8153162,4.459099,31.608047,0.16096151,0.17520213,0.252736,0.28145993,2.0392718,0.8589636
3,3.7363415,-0.15775394,4.8278956,0.018865626,5.0506535,5.6512823,33.84365,0.13594702,0.11742604,0.2819633,0.25672635,2.5077772,0.99526805
4,3.9136486,0.9513414,3.4958405,0.022623215,4.825598,5.6834836,35.111057,0.12782031,0.118480444,0.21445511,0.2354672,2.2394273,0.9970481
5,3.6309285,0.4548421,4.5625353,0.019168606,4.706417,5.431836,32.7742,0.12735185,0.14825082,0.22893253,0.3487746,2.1574886,0.98043174
6,3.869172,0.5451758,4.590621,0.020173147,4.7804747,5.228885,33.91399,0.11767043,0.21160364,0.34056747,0.3912111,3.3822427,0.99189395
7,3.5812573,0.6070559,5.326201,0.025470372,4.6060705,5.1395187,32.571686,0.16430768,0.14344025,0.19506384,0.34151924,3.755292,0.77573615
8,3.5619798,0.59147644,4.3803263,0.032546055,3.9901056,5.6433945,32.16443,0.21260256,0.10051012,0.25532854,0.32893646,4.7382336,0.87424237
9,3.5620904,0.9300742,3.7596982,0.031959854,3.7364826,5.501788,35.34173,0.162157,0.108214974,0.20826158,0.33135688,2.0895739,0.99319386
10,3.6179314,-0.26590848,3.6423912,0.03683601,4.118288,5.9189982,33.464413,0.12709409,0.18039048,0.17897692,0.4197536,3.8561208,0.92493373
11,3.5997405,-0.33375788,3.2904632,0.037367057,4.0532,5.8955593,32.549446,0.13371995,0.16262901,0.19057105,0.35023436,3.7883706,0.91649175
12,3.5718188,1.2166417,4.296915,0.03920522,4.446045,5.7507496,33.02678,0.16699417,0.06772041,0.26619577,0.24741328,4.5459237,0.8892474
13,3.1955576,-0.18049216,4.8382163,0.030282153,4.119911,5.2548437,36.40377,0.12891114,0.09012306,0.25881866,0.42622137,2.7921343,0.6135054
14,3.9579968,2.117032,6.405749,0.01915677,4.483613,5.201641,32.01568,0.20975673,0.16957533,0.21389514,0.252354,4.128448,0.99484843
15,3.774146,2.2428122,3.3551478,0.010704655,4.6151495,5.866934,32.667637,0.21954843,0.12333596,0.18263608,0.46312147,2.981277,0.79265714
16,4.031502,0.49029565,4.6252823,0.02385489,4.7814837,5.4510307,33.749756,0.18328838,0.043435216,0.23990393,0.25710586,2.4617996,0.9323479
17,3.4953313,1.1807742,4.8137646,0.025312092,3.6138296,5.525407,34.540024,0.18090609,0.07520449,0.27494875,0.35618842,4.8916335,0.62930393
18,3.8617134,0.212327,4.030849,0.016196739,5.3226137,5.032109,34.083607,0.24413282,0.16153014,0.19544016,0.35978758,1.5168424,0.9849576
19,3.7080579,1.3210306,2.8654451,0.039807923,3.7679682,5.991913,31.764019,0.2133654,0.1791035,0.23724005,0.24301322,4.4309807,0.58838314
20,3.919951,0.27986455,6.408049,0.013387148,4.9602947,4.215741,34.002117,0.13526107,0.050949097,0.270823,0.2928719,2.4359841,0.9258792
21,3.6942325,0.7707298,4.9606514,0.022420194,4.961025,4.464452,32.65032,0.12241873,0.07318795,0.26605317,0.44541287,4.2957726,0.78765833
22,3.6671224,0.70357394,2.9066858,0.02118669,4.0824776,5.8293886,32.649918,0.17056884,0.2058388,0.23337898,0.30271518,2.5886307,0.93013614
23,3.84975,0.9885323,6.2807465,0.01682845,5.1533813,4.916583,34.049255,0.118771516,0.035171866,0.22827038,0.29143074,4.0694103,0.7394966
24,3.8889494,1.0548782,6.749922,0.020014629,5.3073845,4.7959447,32.299156,0.117441125,0.04676068,0.22957724,0.35904968,3.8874638,0.7981329
25,3.669014,0.6859553,4.4327536,0.020172846,3.891387,5.0232353,33.382618,0.11149347,0.18704176,0.36668468,0.25061625,1.4773859,0.93284917
26,3.8288846,0.8585851,4.2716966,0.02097123,4.5509872,5.2043524,32.206764,0.17321122,0.0907805,0.21725085,0.39922667,4.199142,0.84793174
27,3.7883701,0.9482231,4.7314587,0.020656921,4.7571573,5.5561876,34.132816,0.13642627,0.24549294,0.17932095,0.29186007,3.3231225,0.7106034
28,3.8061047,0.8886702,5.0996056,0.019429384,4.3814297,5.004894,33.502422,0.11906387,0.004998803,0.244827,0.44183564,3.025812,0.93785816
29,3.9836607,1.2298028,7.2374,0.008453257,5.4160557,4.41492,33.747795,0.22635761,0.041203976,0.21311659,0.32682058,2.0899897,0.6562936
30,3.9211025,1.4102387,5.4149327,0.0076840906,4.802206,4.4435816,32.658936,0.13842456,0.1671592,0.28211617,0.30518502,1.9051578,0.9531486
31,3.5762792,0.31977272,4.6368914,0.024336621,5.3946695,5.2734404,32.453945,0.22392988,0.087221384,0.17294708,0.2437658,2.978961,0.7963971
32,3.8626852,-0.13358295,4.351762,0.0149816265,5.2778673,5.462878,34.379246,0.24751678,0.16763091,0.15277953,0.39964396,3.107544,0.93355334
33,3.5720353,2.0945587,4.4327445,0.019757818,3.7428455,5.424073,33.14036,0.2346088,0.053499103,0.24419445,0.30561346,1.0519537,0.55706435
34,3.7711368,1.1491325,5.14568,0.014683469,4.437194,5.1260405,33.620815,0.10897133,0.1146431,0.31006444,0.30190778,5.937315,0.9563164
35,3.841529,0.5469749,6.2306347,0.015051617,4.960827,4.5249033,33.070087,0.11393433,0.059820652,0.3168794,0.419473,2.5436382,0.7722005
36,3.7200265,0.6352067,6.400362,0.012360064,5.0351276,4.767319,34.033623,0.10784311,0.075351834,0.28787306,0.3087955,2.7044234,0.8009889
37,3.8033237,1.5566573,4.6302032,0.021263933,4.9580564,5.623829,32.397972,0.10160725,0.173805,0.31138754,0.32859117,4.703603,0.9231611
38,3.7353082,1.1720879,5.2303023,0.025620239,5.463621,5.3422484,33.749214,0.10182421,0.15070379,0.26951736,0.24874987,3.8408656,0.92661005
39,3.3381433,1.4408414,3.8196058,0.027731936,4.173849,5.480047,31.799767,0.16523233,0.19701517,0.31621704,0.489317,2.5120015,0.8471238
40,3.836522,0.917809,4.0858755,0.024275271,4.1852865,5.669561,34.617428,0.11009146,0.23158896,0.31446305,0.31769982,4.2317457,0.7725404
41,3.3767743,1.8973184,5.597107,0.013156234,4.2059784,4.4675026,33.724804,0.18012384,0.027356982,0.24516946,0.31589642,1.4299763,0.93912286
42,3.8725486,0.37735987,7.971442,0.018887555,3.7122974,4.407688,33.50063,0.1654864,0.23760688,0.2555075,0.33037567,4.1807785,0.870981
43,3.9396396,1.1503077,8.646811,0.0034620217,4.9283752,3.6333747,31.841019,0.11051735,0.009994626,0.24063805,0.25720823,1.7215713,0.64053303
44,3.8801417,2.0099072,5.887153,0.013494746,3.8389149,4.673048,33.680878,0.1501837,0.26018608,0.30753472,0.41152418,3.4521863,0.9643965
45,4.0495853,0.11120105,5.3124266,0.012296546,5.179349,5.426587,33.946045,0.20743747,0.030661106,0.23289895,0.27417475,1.2855217,0.83088684
46,3.804903,0.2705419,6.175956,0.01995036,4.8596573,5.0864177,34.086216,0.13738188,0.14322579,0.25917193,0.33936507,1.7872642,0.84463954
47,3.5449743,0.944958,5.0644617,0.016184343,3.8493366,4.9176903,34.34837,0.198479,0.2050929,0.23926556,0.30379078,4.2892804,0.784328
48,3.5615425,0.4030795,4.525397,0.032535195,4.042946,5.3287477,33.537888,0.123617105,0.19725645,0.18999583,0.21344435,2.256892,0.67527986
49,3.5816717,0.049506187,5.338579,0.021179264,4.5108805,4.9896865,35.344822,0.18085423,0.19284964,0.20480385,0.23980306,3.9040325,0.6418667
50,3.9400845,1.9831626,3.0227616,0.030008385,5.3632317,5.832078,33.12516,0.13727748,0.13920593,0.27568966,0.23155776,3.9172952,0.90725684
51,4.0241127,2.5256677,6.8900146,0.023188401,4.136338,4.397697,30.866947,0.1208962,0.103111744,0.30742732,0.21160077,5.086159,0.65612847
52,3.9457836,0.049599886,4.7959003,0.010678151,5.419875,4.9909735,30.689632,0.15357754,0.055914044,0.31657794,0.21961467,8.882141,0.8129183
53,3.5582561,1.3435471,3.6359248,0.07548561,4.9042807,5.5082884,24.993547,0.23915699,0.19798183,0.18657178,0.6691499,9.571576,0.8370708
54,5.3590593,1.481811,6.6951523,0.0074255564,5.1870775,4.7864285,30.326626,0.11193569,0.10879886,0.3114224,0.20221442,8.083557,0.6668876
55,5.6181984,1.038671,7.0027294,0.011824592,5.025282,5.5343785,31.182077,0.17733915,0.12251127,0.25488725,0.20285517,9.559726,0.6322305
56,4.243458,2.0756025,7.7938623,0.013604849,4.943591,4.4415994,29.408398,0.118070185,0.16205132,0.2929038,0.3419913,9.580213,0.9095048
57,4.1030064,1.5637493,4.1402383,0.041548334,5.0440073,5.635234,26.859966,0.14657563,0.09039998,0.28740245,0.32688516,8.045564,0.9863762
58,4.0465555,0.80620384,4.6385775,0.044771623,4.6855564,5.3086524,27.715862,0.11251288,0.17284608,0.23749453,0.2516134,7.9768767,0.68894374
59,3.5960598,1.0089767,5.7820516,0.0177266,5.0848083,4.7040606,33.162956,0.21325979,0.20948148,0.23439902,0.3528995,1.1033475,0.8447509
60,3.5990977,1.1237445,5.457575,0.014200021,5.105135,4.7988477,32.6652,0.17482643,0.19248092,0.23974124,0.31107408,1.0356815,0.8671985
61,4.0508633,1.3735921,6.218272,0.009387196,5.351841,5.001881,32.683983,0.2452741,0.07547796,0.19446072,0.27721775,1.0234759,0.8873227
62,3.9195433,0.23184109,4.751729,0.02389846,4.6778183,5.585296,32.92478,0.22135225,0.085119724,0.16117261,0.24915929,7.3035555,0.820609
63,4.0158405,0.7014115,4.741961,0.019555643,4.725198,5.288416,33.942707,0.11153249,0.23103058,0.30607226,0.41525868,1.0868082,0.87714463
64,3.5592957,0.81478524,4.761778,0.015458007,4.3908014,5.4883127,33.722115,0.10754433,0.1436224,0.25544545,0.26809722,2.1685092,0.8173751
65,3.9919019,1.6102872,4.1469803,0.016038159,4.225111,5.573028,34.94318,0.11768414,0.14483988,0.30330628,0.31881142,1.8492486,0.68492174
66,3.854663,0.9048362,5.6054616,0.02054714,5.1593475,4.9066305,30.312798,0.11845583,0.15502942,0.2472679,0.26316807,5.886938,0.91381145
67,3.571144,0.9180014,4.862605,0.029717192,4.3499775,5.271493,31.154898,0.10673919,0.07057488,0.23998141,0.3407489,4.169551,0.87755567
68,3.6771846,0.77177405,3.5253577,0.028332388,4.3196497,5.6500034,34.803593,0.10323096,0.09639871,0.27675575,0.2862452,3.2736843,0.52555144
69,3.8256993,1.4307728,4.762418,0.022117652,4.8208666,5.6344576,32.06759,0.10730781,0.09914565,0.258279,0.46165025,2.3790312,0.9390883
70,3.8722553,1.6376309,3.0691948,0.021260217,5.309738,5.3084106,29.786026,0.18631926,0.11458528,0.374303,0.2714119,7.912072,0.9293177
71,3.7290897,1.4057386,3.2997737,0.044001758,5.0199213,5.774768,25.638454,0.10025458,0.14442599,0.37119892,0.2522227,9.93745,0.8807305
72,4.3308134,3.6317425,5.405967,0.027109914,3.398553,4.972062,26.508038,0.104695424,0.09403205,0.18020752,0.43499994,9.992275,0.8645381
73,4.2989883,3.909985,6.6325965,0.027768338,3.9593906,4.7827253,28.015617,0.10729455,0.076634884,0.1866069,0.48897058,9.994504,0.9521933
74,4.074403,1.2178981,3.9078865,0.04309259,5.540662,5.7095013,26.928333,0.11633901,0.15623271,0.49406058,0.21353674,5.4459286,0.77204037
75,3.773697,0.6952219,7.253621,0.019742873,3.8492699,4.341397,32.90531,0.28474542,0.11028707,0.13551286,0.2106755,9.539902,0.92915815
76,4.0316124,1.2252624,5.8655086,0.010245714,5.659891,4.8622503,32.79847,0.14101355,0.15759444,0.22973028,0.33541322,4.852131,0.97968125
77,3.778317,0.47216916,5.717429,0.015683996,4.872835,5.006846,33.835274,0.16615579,0.12840354,0.173581,0.2548404,1.0523663,0.82970107
78,3.8429432,1.1275,4.8431087,0.013182839,4.4436846,5.3083725,33.367123,0.12758571,0.1852709,0.29363686,0.42190117,1.269357,0.9045648
79,3.503539,0.34827018,4.1165433,0.015891546,5.0737333,4.7949896,33.436287,0.1880975,0.08120954,0.24257427,0.34411198,2.7350588,0.8493142
80,4.0513496,0.7793727,4.447697,0.028319534,4.19928,5.402898,31.45438,0.103371404,0.09652531,0.32438493,0.2822854,5.5700774,0.8398136
81,3.6883106,0.4727931,3.416946,0.028032096,5.988961,5.817047,32.14779,0.10538513,0.13155437,0.25885865,0.33165392,5.6979566,0.9046313
82,3.4408054,1.2221224,8.271327,0.012535072,4.390732,3.9398882,34.19712,0.23297045,0.10381746,0.1783311,0.36417204,1.1537728,0.6652443
83,3.8644118,1.093823,5.3162136,0.01669303,4.551321,4.991639,34.933258,0.2745628,0.16149831,0.20398661,0.24585715,6.9798174,0.9834107
84,3.3868876,0.8367822,5.101953,0.026767252,4.0088654,4.999497,36.050896,0.10224603,0.09176469,0.33675843,0.4529274,3.1496718,0.96435666
85,3.526804,0.4955144,5.031684,0.03151008,3.4364586,4.9995213,31.116617,0.13598023,0.15738976,0.25584278,0.24091668,3.3579452,0.9905702
86,3.977562,0.36955953,5.4302206,0.0100422,4.6742544,5.0735354,33.604935,0.16099145,0.09841347,0.2841226,0.31828344,1.2072834,0.4831409
87,3.7843895,0.64285994,5.7518654,0.008599451,4.9291697,4.8672485,36.090054,0.14572129,0.14591575,0.25940642,0.32890666,1.4196408,0.8151107
88,3.9131522,0.42716813,5.5558677,0.01550833,4.542762,4.9064465,33.947266,0.12067095,0.115374565,0.24058962,0.28839156,5.8786144,0.8783407
89,3.8086824,2.1874804,4.0862064,0.012175428,4.67404,5.011692,33.841236,0.1872395,0.18913877,0.28841692,0.3114458,1.174897,0.8735725
90,3.5878062,0.45398927,2.971689,0.056552246,5.077443,5.8723583,32.16094,0.11386937,0.17158818,0.35595992,0.29023454,3.0530252,0.7299906
91,3.9769058,0.31004977,4.0060945,0.009613012,5.5768156,5.76311,34.527145,0.2511546,0.17245567,0.24051651,0.29547647,2.8816442,0.83049977
92,4.030842,1.4233391,5.492364,0.014165386,4.9351273,4.8560057,33.50492,0.10845853,0.21965563,0.26431686,0.3091014,1.721126,0.8093484
93,3.5758963,0.9311552,7.2360973,0.020229612,4.447464,4.454361,32.014668,0.1117132,0.020891905,0.28959483,0.33061808,2.1650128,0.73800486
94,3.6153374,-0.17665589,7.2023935,0.013155795,4.492482,4.116111,34.672405,0.11512281,0.21365058,0.27153298,0.27248248,3.3379164,0.94880855
95,3.90174,1.4081082,3.941542,0.023303842,4.463516,5.956609,33.584248,0.17363822,0.08475292,0.20171857,0.31144089,2.8009765,0.7850943
96,3.7699633,0.6831987,4.0000515,0.01548401,5.5852976,5.1969566,32.872135,0.1084189,0.13529003,0.29556963,0.34820494,3.724244,0.9045677
97,3.6824312,1.0545084,4.0261326,0.017771432,5.680311,5.4558883,33.614296,0.114869885,0.1065197,0.26828447,0.3140194,4.495437,0.85930794
98,3.7984605,0.9280071,4.616108,0.022179315,5.518285,5.275161,31.862366,0.1320335,0.10976708,0.28277957,0.38782483,3.6740558,0.75754553
99,3.5324702,0.34511185,6.061308,0.01281304,5.1950026,4.5292044,33.486816,0.14898707,0.17880201,0.27344707,0.4304527,1.4474429,0.85804653
100,3.6524901,1.8029561,3.1371298,0.03420808,4.5595093,5.7800565,31.27637,0.18276003,0.08562708,0.27468345,0.28732356,3.0098329,0.8024246
101,4.0295467,3.7970276,4.8269186,0.01633884,4.2595177,5.07616,32.23314,0.15169367,0.15789437,0.26418427,0.22094053,4.597174,0.7612901
102,3.7857804,-0.6442572,5.5632343,0.01786026,4.936121,4.834565,35.264465,0.18300469,0.09196937,0.16789746,0.21310334,2.27135,0.76971996
103,3.946879,2.6380434,4.57751,0.03125062,3.9437723,5.322522,32.41285,0.2401022,0.16257691,0.23440385,0.4109487,4.061032,0.9409288
104,3.6560588,-0.01878059,5.034219,0.013265989,5.5827284,4.8054924,35.258118,0.14041628,0.13384378,0.322517,0.3515938,1.4861976,0.92112875
105,3.6772304,1.6071877,3.2862315,0.028204123,3.4449406,5.462426,33.341003,0.2641106,0.14500809,0.18985204,0.3319236,2.8225374,0.7921273
106,3.6525893,-0.40894723,5.425762,0.016769115,4.7977333,5.360098,33.923508,0.27073413,0.11924386,0.18286905,0.3119772,3.4924388,0.9557272
107,3.8112822,2.274932,4.0422873,0.023687057,4.135296,5.7623096,33.008,0.120808855,0.15057313,0.30891833,0.36600617,3.3175354,0.9819709
108,3.7453418,-0.18295097,6.119464,0.017462494,5.070072,4.8070407,33.979736,0.20873201,0.18075073,0.2127113,0.24268822,2.5429144,0.95957506
109,3.8072362,1.8591456,5.281621,0.022480289,4.1475887,5.2789726,33.245518,0.1423613,0.06843352,0.30540824,0.26909095,3.3884377,0.93292147
110,3.8072925,2.6099415,4.8924227,0.011522662,4.2520866,5.348551,33.355186,0.14301577,0.07338774,0.27184945,0.44969478,2.6378684,0.6424243
111,3.5897865,-0.30373657,4.6351967,0.018054498,5.0058155,5.0644236,33.698215,0.1665359,0.19694173,0.22050928,0.24326812,3.7543826,0.99085313
112,3.8150125,2.7420626,5.463134,0.018116513,4.1560993,5.3384023,32.27334,0.1225627,0.0070978403,0.23716298,0.2778442,2.791512,0.41095942
113,3.8302493,1.882812,5.5808244,0.015769346,4.004099,4.7477856,33.357964,0.12767872,0.03084302,0.29044855,0.2579987,3.565481,0.7600326
114,3.7628937,1.0819793,6.152268,0.01317991,4.1028805,5.4084787,34.085915,0.12035737,0.10174453,0.29141876,0.28830898,1.4077282,0.5442215
115,3.7013035,0.2188859,4.411029,0.035366643,4.9788656,5.8174295,31.311562,0.16045813,0.121160865,0.19269083,0.33193558,4.4446764,0.9969869
116,3.7871447,0.3579533,3.0883393,0.027630359,4.707361,5.7503424,34.550385,0.24367377,0.21505988,0.16126633,0.2795055,3.1351988,0.89261043
117,3.57307,1.1018786,5.489253,0.023171907,3.8254566,4.2481527,32.039997,0.25987798,0.23933136,0.1629673,0.6457808,2.5726688,0.8405774
118,3.6446795,0.017777681,7.1928678,0.01035821,4.635936,4.3503294,36.233826,0.16120411,0.30929184,0.20688762,0.48728967,3.228159,0.41494027
119,3.6782317,1.5845947,3.2849522,0.02804255,4.456024,5.6911745,33.310677,0.2187441,0.27315342,0.29751077,0.5516944,4.2028213,0.9911958
120,3.6824017,0.5998688,5.3604717,0.04129993,4.037739,5.113904,32.995808,0.110144354,0.061562777,0.2512302,0.24342377,3.3363955,0.808688
121,3.4485788,0.062491655,3.2443109,0.030678963,5.138521,5.7593617,33.05068,0.1013114,0.16336691,0.2002743,0.40298283,4.7686076,0.97570497
122,3.710401,0.52983785,4.739492,0.02877375,4.5153437,5.433477,34.709625,0.12908815,0.1741941,0.26803046,0.26015478,4.705318,0.6729546
123,3.6579852,1.0179965,4.524159,0.022022862,4.33169,5.292011,32.560493,0.100964546,0.07130003,0.29226047,0.21879691,2.040113,0.8855171
124,3.6302648,0.51011753,4.8400173,0.02714986,4.533148,4.936755,34.21528,0.10116425,0.10548043,0.27703363,0.2072564,4.4239545,0.8612867
125,3.8712358,1.7751257,5.614747,0.015900668,4.8662186,5.062797,32.35998,0.10981191,0.08899057,0.206834,0.33986855,3.4233696,0.8117753
126,4.0330534,1.3326216,6.710064,0.014780394,4.2758064,4.383815,31.088348,0.109277755,0.11425936,0.25652045,0.29215986,5.909875,0.8334055
127,3.7871895,2.4993863,4.969318,0.014968683,5.3954716,5.1009035,31.381084,0.17771798,0.061998487,0.36006248,0.3259829,4.5043077,0.7813617
128,4.188429,0.26820993,5.021,0.025960123,4.867791,5.614974,33.13108,0.102020994,0.29451668,0.22333583,0.3136189,5.2698164,0.89900726
129,3.772737,2.7274485,3.8225527,0.028866192,4.4143524,5.7121634,33.040348,0.1035592,0.18466151,0.30833915,0.38905853,4.4431524,0.44861203
130,3.9160533,1.9295096,4.0877457,0.025968459,4.706641,5.7911453,32.11798,0.10782974,0.16924095,0.28526068,0.4177052,2.9514768,0.7155872
131,3.5382109,0.28610873,5.9926505,0.012214378,4.625746,4.9840555,34.928085,0.2522414,0.1890434,0.19463524,0.20766963,1.3147272,0.6836041
132,3.880896,1.2044351,3.6175218,0.04636178,5.1861916,5.73101,28.668678,0.116634786,0.08267832,0.34867048,0.20118034,6.382614,0.8946363
133,3.1625528,-0.09778488,4.5549,0.055766206,3.2409267,5.115587,34.108948,0.13933912,0.2015152,0.22408324,0.23148027,3.4681168,0.646292
134,4.6804104,1.8117261,6.5689964,0.004697757,6.015114,4.6502748,32.208504,0.19959182,0.23206198,0.22050235,0.46306187,4.2852764,0.61664295
135,4.6059866,1.5564735,6.080022,0.004807464,6.1412697,5.1501193,33.29221,0.15231547,0.13675725,0.2062527,0.395263,2.587877,0.82806635
136,3.4637818,1.0764685,5.4443035,0.026689518,4.1893244,4.5894084,33.59175,0.13315904,0.12972653,0.33006182,0.30177528,3.1383152,0.94085616
137,4.083606,0.7289643,3.3429484,0.021390038,4.928587,5.640012,34.448936,0.14009896,0.11745298,0.1705387,0.32283592,2.3803554,0.9235308
138,3.5414166,1.4931135,5.053109,0.020877825,3.9178953,5.593831,32.36701,0.107793875,0.1126281,0.32966253,0.2497767,3.3069208,0.91132945
139,3.7608843,1.9027193,4.625712,0.02834676,4.187937,4.946518,32.595634,0.10949125,0.12174523,0.40910372,0.25876555,3.8985753,0.92524785
140,3.962903,1.1388178,4.6897616,0.02829926,4.7580547,5.361354,30.711666,0.3206465,0.14051318,0.18278064,0.4354775,6.009514,0.81146777
141,3.8283157,1.3837798,3.9405198,0.0176305,4.0655947,5.7155013,35.44365,0.14073922,0.13340235,0.17329153,0.31314304,2.1558769,0.89944386
142,3.778173,0.48884392,5.184059,0.016143668,5.1633205,5.1315584,33.309013,0.30676606,0.11643231,0.20955673,0.3639307,1.5599477,0.79764897
143,3.4504046,0.78902125,4.4674196,0.036683455,3.8963776,5.496772,32.06054,0.11002354,0.13595259,0.37782788,0.2674903,5.0313315,0.94557446
144,3.855793,0.3559153,4.464326,0.014872624,5.455162,5.6451426,33.297344,0.20758164,0.12824464,0.20098111,0.3487187,2.2801242,0.79655474
145,3.892694,1.4964457,3.7431607,0.032489073,3.7234898,5.892044,34.903095,0.14195284,0.14993858,0.22937706,0.60793984,2.2583642,0.64621645
146,3.4337153,0.64362454,4.342283,0.032695636,4.960017,5.1533785,33.834213,0.11970993,0.09335828,0.26318493,0.21615101,3.367429,0.9453099
147,3.663066,-0.90077925,4.542158,0.032050807,5.209756,5.4147663,33.483826,0.30411777,0.11851573,0.18546416,0.33159226,3.025976,0.9612862
148,3.7898002,2.3932939,5.9576387,0.015508954,3.745637,5.230607,33.035347,0.10298499,0.13987255,0.36783898,0.2576972,2.33387,0.8421149
149,3.8753352,-0.04098928,4.2865686,0.025337983,5.608694,5.433346,32.817013,0.27099305,0.10861242,0.18749028,0.30546016,2.5382032,0.94675094
150,4.069186,-0.13030648,4.299136,0.025232777,5.9333143,5.7702026,34.283028,0.2353485,0.1565299,0.18043177,0.3668999,3.3300776,0.9770635
151,4.0527773,-0.15080738,5.3205566,0.016996419,5.552701,5.6946287,32.022915,0.18308535,0.15026152,0.18028468,0.36717248,4.354121,0.9748687
152,4.161628,0.2536142,4.4664793,0.016709827,5.9740305,5.7428794,32.77967,0.1685029,0.1309433,0.16738938,0.41463864,3.9602344,0.99124515
153,3.9286876,0.3389125,4.1150537,0.019726086,5.904825,5.2613196,32.134514,0.19547024,0.17702866,0.20924217,0.33325177,3.818441,0.95283407
154,3.9438477,0.4132235,5.4427586,0.012438653,4.6391068,5.0683384,33.63221,0.23631042,0.032307744,0.14618407,0.3203299,2.5055833,0.5174563
155,3.9535618,2.5838947,6.222109,0.009566833,5.1612625,4.685464,33.18226,0.19664754,-0.047756493,0.20441036,0.2746073,3.0757906,0.71859914
156,4.073601,0.9355092,5.020392,0.011209069,4.7425537,5.102141,32.21862,0.13559176,0.15074217,0.29268432,0.36272186,2.830595,0.82418615
157,3.2804427,0.2160356,3.2524416,0.026918946,3.9117527,5.9987764,32.437965,0.14775866,0.21176684,0.30353352,0.37923622,3.7757778,0.85108656
158,4.068921,1.8582449,4.4753313,0.014619524,5.7812967,5.999395,33.10162,0.17611408,0.11977506,0.22553536,0.23943813,4.6059704,0.9856697
159,4.172348,-0.18515933,2.6725829,0.02591035,5.125222,5.9949913,33.22615,0.19945905,0.11401725,0.27042094,0.43877935,2.7568722,0.95800817
160,3.6181674,2.2361016,3.9422998,0.0218258,4.357382,5.4018235,35.052696,0.11095004,0.08487558,0.26585284,0.30377162,2.1575747,0.7476895
161,3.8459473,0.21912956,5.0067434,0.019931123,5.0083656,5.535638,31.13744,0.116141796,0.10911465,0.26075006,0.26335457,4.4581966,0.86319166
162,3.8478498,-0.17722821,5.373837,0.020641223,5.1461163,5.600976,31.788494,0.114115655,0.12320149,0.2640727,0.28256148,5.0879326,0.77948356
163,4.167774,2.2792616,4.2092247,0.026400216,4.8198614,5.7992134,27.096571,0.14457801,0.12443209,0.2329782,0.35455513,8.1213255,0.991867
164,3.9158387,2.02918,3.0010443,0.02641502,4.5203648,5.88531,28.006195,0.15507717,0.12673151,0.26827708,0.3836446,8.952669,0.9881175
165,3.7888398,-0.10398829,5.917033,0.019069707,4.8839703,4.9743514,30.687946,0.12031546,0.13237822,0.24152935,0.32583737,8.647394,0.65166676
166,3.681139,0.2326963,4.988329,0.028778862,5.2013187,5.0273385,31.429848,0.1304512,0.1483773,0.25372937,0.33507758,8.578318,0.83711004
167,3.574541,0.045158148,4.0605445,0.04307924,4.494314,5.39372,29.654133,0.18423206,0.14024985,0.30878133,0.36088476,7.416746,0.8751393
168,3.7112093,1.2221887,3.3333106,0.028173992,4.7104273,5.8622417,33.849472,0.10678085,0.08008742,0.24309677,0.2539003,2.9193256,0.86387354
169,3.9088016,0.8895707,4.75507,0.020019714,4.9078693,5.1992683,32.148438,0.15580668,0.2041328,0.33163196,0.27124324,5.112958,0.7581855
170,3.8592725,1.1778162,4.4606647,0.018459003,4.8852158,5.1032605,31.174278,0.10915717,0.1090579,0.25653246,0.36103287,3.3010726,0.8470184
171,3.6281939,1.3176694,4.2080374,0.027393991,3.1564713,5.559755,33.733612,0.1691284,0.16001844,0.3117512,0.30535075,1.9828846,0.95799744
172,3.8308344,0.20545459,6.4851394,0.012038026,5.375084,4.514841,31.17406,0.10644802,0.074388504,0.24706206,0.38837242,2.1626532,0.84135103
173,4.014243,4.5974684,5.5313396,0.015842136,3.9683895,5.44469,33.19908,0.22289017,0.16109848,0.32057995,0.24682611,1.8862274,0.81260586
174,3.8151226,4.285555,3.2451172,0.01616607,5.083725,5.548773,32.082348,0.11793261,0.15287519,0.23946422,0.4551285,4.0520077,0.936801
175,4.29677,5.3807054,4.679579,0.017033584,3.906849,5.8623495,32.48004,0.12808156,0.1853478,0.26933178,0.35548878,2.8436718,0.91525173
176,4.2643223,2.1859055,4.5293217,0.015979998,4.890274,4.8568015,32.953114,0.14102036,0.16358876,0.2641669,0.3486479,6.5451927,0.99572927
177,3.9889297,1.3181305,4.572598,0.013524895,4.654516,5.8970165,33.81456,0.13862854,0.17413342,0.23697916,0.32460782,1.5810652,0.8301803
178,3.3836913,0.19809961,2.843081,0.031739186,5.2787304,5.74704,33.300537,0.15092699,0.08522296,0.28865334,0.34426364,1.1167939,0.96514946
179,4.03526,0.25174642,5.098338,0.016341975,5.0986805,5.6559353,34.933678,0.15206508,0.12843537,0.24665058,0.28444976,5.0881634,0.8525017
180,3.5024405,0.050026655,3.8631124,0.025585333,4.9297667,5.0930862,33.25437,0.12960982,0.14070463,0.2716686,0.3337747,3.056209,0.8948668
181,3.6062536,0.14321709,4.4401474,0.043136626,4.729906,5.659113,32.576763,0.12313892,0.09141278,0.26678413,0.32369322,4.242113,0.96656924
182,3.6063209,-0.4420662,3.6403217,0.024142157,5.190054,5.462762,33.89595,0.18327552,0.19350815,0.21644899,0.38220435,2.9407396,0.9445699
183,3.7305436,0.5152221,5.911622,0.016568577,4.3418064,4.813779,33.41747,0.20362869,0.10732758,0.23290443,0.24433766,2.1857476,0.6967404
184,3.4744945,-0.31623173,6.0852284,0.01652252,5.010208,4.5629086,35.246613,0.14602345,0.083117485,0.24556297,0.22321382,2.373302,0.85439754
185,3.5798116,1.6427627,3.4572654,0.020234343,3.9642057,5.8787026,34.060696,0.15795162,0.17968309,0.2588853,0.41688246,4.7972736,0.9356965
186,3.6830893,1.6406174,3.4011445,0.023117907,3.8106585,5.9263887,34.025253,0.15621096,0.19785595,0.25717667,0.3252175,3.9208121,0.9431946
187,3.8019085,1.1017141,3.3912344,0.021843484,3.9494524,5.922909,33.3142,0.15223402,0.21459913,0.28330022,0.27063653,2.308588,0.9514968
188,3.8497834,0.36630774,6.795146,0.015539402,5.237404,5.470188,32.35595,0.16636303,0.043117404,0.2882333,0.21635185,4.6389966,0.77914363
189,3.8236861,1.8559866,4.2532616,0.025585279,4.415106,5.780632,33.01478,0.19413318,0.2051959,0.26134047,0.23266512,3.2145243,0.87179273
190,3.8636432,1.3811979,2.570046,0.02095566,4.564474,5.9191356,33.77459,0.15006393,0.19509256,0.3111858,0.22878021,1.673607,0.81177664
191,3.5925345,0.7983961,3.2332082,0.028831702,4.7680054,5.696023,33.074318,0.1412954,0.16857636,0.2757139,0.2347184,1.9513743,0.85737866
192,3.662397,1.3842318,4.654875,0.03185059,3.2821274,5.532937,33.203804,0.2039708,0.10196972,0.21001616,0.272965,4.4855533,0.82356536
193,3.851046,0.32143784,3.6375008,0.038103,4.7025204,5.9050035,32.96128,0.21152681,0.10601652,0.22939381,0.24371152,3.6343372,0.86084056
194,3.6763778,0.7268386,3.9134984,0.028561212,4.668006,5.59151,32.445362,0.11452306,0.18340516,0.27427775,0.5268126,6.012219,0.8411548
195,3.842648,1.035172,6.505744,0.008013071,4.8771496,4.837315,33.33359,0.19798435,0.29649282,0.20802727,0.7397769,2.0725951,0.75987375
196,3.9677114,1.4305363,7.4603634,0.009147463,5.0039244,4.768448,34.18989,0.2226541,0.31243193,0.19020516,0.730548,1.8212738,0.5660205
197,3.5695224,0.42118073,3.6474662,0.024139194,4.220353,5.672815,33.08667,0.10627721,-0.052090764,0.23163337,0.21466334,3.6820328,0.61507463
198,3.990922,0.78583074,6.4162207,0.010859578,4.865037,4.767481,33.327213,0.1341657,0.2672032,0.21995145,0.21497427,2.500352,0.45326608
199,3.8971577,1.0143545,4.162553,0.01376823,5.2644043,5.4932394,33.81745,0.24043667,0.10300934,0.2517152,0.33996445,3.3171296,0.929648
200,3.8550978,0.54806614,6.047629,0.013578088,4.668912,4.6171675,33.697227,0.11514603,0.18587351,0.27123305,0.3134817,4.0773273,0.90752417
201,3.8121748,1.4806356,4.801098,0.014399596,4.7148933,5.1425295,33.744854,0.27704373,0.16572964,0.1951852,0.22902866,2.5887685,0.62780404
202,3.9317813,0.9773514,4.9082823,0.013974337,4.9277887,5.3390646,33.407837,0.16306393,0.1630956,0.23386893,0.2190098,2.5527565,0.7756646
203,3.6068172,1.3197043,4.7535863,0.024068108,3.849207,5.618243,33.584057,0.13017927,0.17407691,0.3287593,0.37778234,3.1361678,0.84240156
204,4.130598,1.7837715,4.446697,0.021800188,4.401245,5.4104805,32.837837,0.14293218,0.12819052,0.27761164,0.26044682,6.868277,0.87877375
205,3.91568,1.1556506,3.999206,0.031652674,5.087777,5.726968,30.08416,0.20031841,0.037786722,0.24093941,0.43229038,4.3318615,0.8150466
206,3.9160495,0.8808994,3.932836,0.027606549,4.9045696,5.523707,33.854187,0.15720773,0.052307487,0.24147826,0.24415277,3.6486619,0.7310336
207,4.0519533,0.6542425,5.0512266,0.0155872535,4.974818,5.719206,32.423286,0.16188349,0.07145524,0.17027244,0.43984234,4.611205,0.872834
208,4.2702312,0.83387136,4.330204,0.019857977,5.6052,5.6524754,32.529278,0.1824398,0.07136297,0.17222787,0.29980314,4.2832417,0.93795973
209,4.146493,1.0725589,3.9202476,0.0140434485,5.6835766,5.468586,31.529198,0.27987728,0.065719604,0.16892621,0.29337788,4.3148036,0.88654494
210,4.152296,-0.14667034,5.3771563,0.015442305,6.0017185,5.3310304,33.335606,0.1875241,0.0674721,0.19640401,0.36929852,4.728689,0.83480793
211,3.878952,2.346902,4.290454,0.01767089,4.6990757,4.4675207,29.680664,0.15363604,0.10308409,0.2799139,0.30966645,4.7274084,0.975109
212,4.0723715,0.3506,5.8385286,0.03181962,4.615802,4.640897,30.118624,0.19255152,0.15929115,0.24506062,0.3529361,6.689923,0.74676615
213,3.565184,0.584115,4.951211,0.022909554,4.2404222,5.1516232,31.327274,0.17522067,0.17518675,0.25659198,0.22512135,9.494642,0.87146854
214,3.9551816,1.9359264,3.6532595,0.026271287,5.265126,5.43658,26.453001,0.12708625,0.07096207,0.2732033,0.47023004,7.171003,0.80802846
215,3.9551816,1.9359264,3.6532595,0.026271287,5.265126,5.43658,26.453001,0.12708625,0.07096207,0.2732033,0.47023004,7.171003,0.80802846
216,4.079591,0.9006779,3.536306,0.05500855,4.524003,5.716224,27.604393,0.15743434,0.06293416,0.26613995,0.23699035,8.665945,0.8550734
217,3.8197541,1.0538397,6.511549,0.012471957,4.388957,4.805664,33.30044,0.12801239,0.20334482,0.28502452,0.29011244,1.9047477,0.99822026
218,3.8378453,0.33689356,5.8340826,0.011553341,4.8724403,5.1386747,35.24048,0.13654727,0.13581204,0.24689683,0.32393035,3.0063474,0.9899693
219,3.4922047,0.29205728,5.097812,0.022661647,5.0381336,4.9871826,32.60945,0.22906068,0.054352403,0.2666984,0.32424748,2.4830332,0.929972
220,3.343223,0.5269077,5.5860395,0.02854985,4.773638,5.001737,32.61982,0.19894099,0.056783438,0.26210263,0.3055489,3.7765095,0.9460536
221,4.050746,0.1874013,7.4219456,0.011864514,5.058442,4.479107,35.164986,0.1367478,0.18332934,0.24693441,0.3313067,1.6448476,0.8894914
222,3.9695644,2.200161,4.3646097,0.0274913,3.6721277,5.638008,32.355354,0.101661876,0.08521438,0.29569042,0.48339736,8.251141,0.9986287
223,3.834639,2.7572145,6.100279,0.019871617,4.82712,5.1385565,30.121376,0.106778905,0.11422789,0.38001004,0.25818807,3.9962864,0.9908586
224,4.054614,0.3501978,5.583599,0.012280457,4.403776,4.9503284,32.881264,0.12593375,0.07359791,0.24369097,0.49620587,7.630879,0.92784595
225,3.6868315,1.1699724,7.2692857,0.020594437,5.0648136,4.662917,32.163067,0.14523517,0.10119963,0.27647212,0.28730094,3.6924536,0.98325545
226,3.7011814,1.2127852,5.01892,0.06476968,4.3985376,5.2588797,27.371769,0.1641765,0.16692054,0.27785814,0.29251117,9.46516,0.69994575
227,3.6763449,0.7858417,4.3956213,0.0482977,4.9188843,5.7060404,28.394299,0.15818799,0.08671665,0.17736097,0.39935923,6.279482,0.9925156
228,3.9677038,1.5483298,3.4329515,0.045584008,4.484782,5.7963104,31.874557,0.17592642,0.17525864,0.15571839,0.2426225,6.1638775,0.7719539
229,3.9725676,0.8958273,5.1950207,0.024004955,3.7687569,5.244693,33.09525,0.20401177,0.18643665,0.19305485,0.2952185,5.5076103,0.5925284
230,3.7841349,0.3310945,4.6434836,0.01646575,4.9964485,5.717847,33.18176,0.122665815,0.055377364,0.32731098,0.2502826,1.0427122,0.92630863
231,3.7555299,-0.027307034,3.4441223,0.015367601,4.8673306,5.69821,35.011482,0.13658819,0.098920345,0.3313725,0.23973504,1.0354898,0.8571391
232,3.5303245,0.17633724,4.698164,0.03844411,4.343766,4.9451437,29.39061,0.16061553,0.16702807,0.20820719,0.4339664,8.300472,0.9072993
233,3.520012,0.16198158,4.69526,0.032399613,4.312278,4.860425,29.020058,0.24422151,0.19373488,0.22347587,0.45607495,8.017015,0.94058704
234,4.2007265,2.1105251,3.6457336,0.024168584,5.0532055,5.7260714,27.344103,0.10342279,0.07074034,0.314735,0.22134742,8.641865,0.6608235
235,3.9034004,0.1408112,6.3586197,0.0150832785,5.862631,5.072159,30.062355,0.23433799,0.21795666,0.27266228,0.43555844,6.3059034,0.86452097
236,3.768375,2.2035675,4.792646,0.010122309,4.163886,5.605011,33.404537,0.10248875,0.05076897,0.2841628,0.24103115,1.6326892,0.6298957
237,3.7553344,2.0079126,4.8662243,0.020806856,4.673127,5.2047234,32.595505,0.3308203,0.14258087,0.22961947,0.27970183,3.0934184,0.8899528
238,3.8322206,2.1479993,5.1352296,0.026689772,4.712819,5.3011684,31.200981,0.26882398,0.16003191,0.2203355,0.25260422,2.4956465,0.84736836
239,3.9572625,0.15359926,5.3140516,0.018920388,4.366867,4.86538,32.220936,0.16435152,0.04230094,0.17645493,0.42122787,8.81982,0.97185326
240,3.6843352,0.87755156,6.7650023,0.021261025,4.3519,4.8388176,31.040438,0.18751822,0.06112957,0.21745482,0.48701125,8.071091,0.9816939
241,3.7098927,2.0912962,5.324113,0.024276163,4.4228306,5.255992,28.80177,0.13864736,-0.01039505,0.2847345,0.49079794,5.0342665,0.98019654
242,3.6539817,2.232346,4.631642,0.025159849,4.467268,5.261694,29.570494,0.14166732,0.005767226,0.28979245,0.4278028,5.051706,0.9751823
243,3.9710493,1.5073771,5.569814,0.01882045,4.097924,5.273468,33.673367,0.1408576,0.16251874,0.30502546,0.2814166,3.9677243,0.8165536
244,3.6759796,-0.46825087,5.2969427,0.019837314,5.5330696,5.484992,33.491478,0.1919334,0.09344435,0.22487415,0.35995406,2.147817,0.87959754
245,3.6442351,-0.024671793,3.8987994,0.016617425,5.457283,5.103669,34.442272,0.18371758,0.048909903,0.24020621,0.2949825,3.2450478,0.72569996
246,3.6455364,0.25636697,3.8421357,0.01994604,5.451397,5.152159,34.533215,0.27266306,0.043340802,0.23184174,0.25647703,3.2838638,0.7424721
247,3.359674,0.15529084,4.3354053,0.021056795,4.437498,5.260994,34.74053,0.10152874,0.20254934,0.34559935,0.31455347,2.8128805,0.94272125
248,3.8890123,1.1887777,3.5974035,0.027154697,4.6208115,5.577018,32.96146,0.106389605,0.22301483,0.26401708,0.41399103,2.9233716,0.4362062
249,3.9517374,1.2336826,6.593302,0.011654554,5.019434,5.087794,34.581352,0.18012813,0.19609022,0.23946926,0.30872318,3.1155787,0.9248079
250,3.8552375,0.5907414,3.800138,0.04335313,5.033244,5.669286,33.153004,0.13603464,0.06932771,0.3102589,0.32679445,5.1340604,0.9259131
251,4.019746,1.2902455,4.9044065,0.01840935,5.246023,5.469396,32.9969,0.23401886,0.18468845,0.21175843,0.34242553,2.3836188,0.99077004
252,3.9549608,1.2587254,3.745563,0.01057434,5.3074846,5.6743402,33.41659,0.22247198,0.20404327,0.22185367,0.67101383,2.4749484,0.9934383
253,4.126441,0.99287605,5.3104053,0.013561129,4.8859396,5.263811,31.604544,0.112798125,0.16047275,0.32251018,0.21934631,4.924655,0.4421732
254,3.85748,0.9446213,3.997531,0.021525238,4.3428764,5.901087,34.414413,0.17664288,0.09276569,0.1955865,0.32334533,1.2281337,0.997081
255,3.5163035,0.92590475,5.343919,0.015732894,4.3534603,4.8452306,33.67776,0.12700915,0.15239215,0.3795306,0.331187,5.8890724,0.90373826
256,3.513915,0.28888726,5.107507,0.034205835,3.795313,5.35987,33.345547,0.14429292,0.07842815,0.19235548,0.35947582,1.0331557,0.95413244
257,3.1203952,0.06352663,3.5867064,0.03208296,3.8684635,5.4347153,33.993027,0.21053407,0.16203022,0.28707945,0.30037096,1.0046036,0.9611917
258,4.123598,1.4219286,4.4161277,0.0070511815,5.1849413,4.754021,33.86441,0.10953511,0.07713771,0.25696558,0.30062222,7.3425584,0.66901124
259,3.811933,0.54139423,4.9645004,0.0158295,4.714533,5.031615,33.23355,0.24864337,0.22831523,0.25899607,0.31419975,1.076136,0.9463915
260,3.7889767,1.0495415,3.6547065,0.025819315,4.748335,5.6144743,33.049133,0.10280604,0.06535292,0.24877495,0.3143381,2.6484137,0.70799154
261,3.7787247,0.68524384,6.555355,0.015323726,5.1729097,4.8634815,33.155823,0.22058359,0.1563921,0.30500555,0.292777,3.8405864,0.9855825
262,3.57237,0.7485912,4.028527,0.02546815,4.0006237,5.796503,32.430283,0.12074079,0.080444336,0.3274753,0.29822195,1.6153364,0.7746619
263,3.493525,0.039898396,3.7711835,0.028631225,5.270277,5.2928557,35.12508,0.11663606,0.139238,0.22620708,0.3123759,2.2371504,0.97751063
264,3.7697945,0.4434104,6.1170416,0.02311193,3.9910212,4.6541157,32.384605,0.11917303,0.16805148,0.37438393,0.20264907,4.2280493,0.97478116
265,4.0541916,0.7019863,4.970593,0.020131895,5.1031685,5.211235,34.24837,0.21896994,0.076545835,0.17464831,0.2250737,3.2409914,0.79503334
266,3.9295778,1.2955675,7.517428,0.0069607133,5.5179033,4.316265,32.72952,0.13944113,0.18758845,0.2701381,0.28679487,3.1383798,0.8212196
267,4.054679,0.8757765,4.772765,0.020433778,4.8352575,5.684559,34.39399,0.11431846,0.10233283,0.2639518,0.29247493,2.9442937,0.97150594
268,3.6877875,1.0649433,3.6321502,0.017136594,5.1775417,5.5768747,32.018417,0.10795562,0.07014012,0.27283558,0.363971,4.656926,0.8755954
269,3.5354,0.8452263,4.9402647,0.043261077,3.7703981,5.292122,32.33738,0.13232103,0.14218295,0.3152413,0.33228463,4.5693035,0.90459305
270,3.3663192,1.498543,3.9656854,0.032655876,3.4775105,5.4088907,34.0236,0.10963018,0.10293305,0.3588302,0.37124938,2.9110806,0.9552193
271,3.8502092,0.13686633,5.141722,0.018789511,4.71332,5.0477743,34.224438,0.20689315,0.20628405,0.16994579,0.25737095,4.175167,0.71004754
272,3.7883968,2.0061193,3.584104,0.011875548,4.129018,5.5531435,33.25506,0.10629094,0.07743728,0.35265663,0.30702788,1.1049436,0.9625315
273,3.6279883,-0.17138588,6.1298456,0.02298345,4.6231956,4.755679,33.44926,0.19570872,0.18647444,0.15258127,0.29570585,6.728096,0.8854312
274,3.8700452,1.810868,5.471358,0.007861588,5.103202,5.076344,33.746887,0.30738425,0.1815685,0.12434725,0.30757245,1.0948622,0.8373722
275,3.3585715,0.3815012,4.5302916,0.013955861,4.250807,4.9580193,34.520058,0.22375597,0.30157387,0.13679951,0.4253506,1.3932256,0.8880387
276,3.634572,0.28382874,5.088307,0.014924622,4.7045345,5.1162176,32.428112,0.2361575,0.27264225,0.14045274,0.5223858,2.2007465,0.88362837
277,3.583692,0.6803708,4.609261,0.017285964,4.0092354,5.391131,33.950954,0.22447863,0.065308094,0.15622845,0.25792882,1.6306356,0.9423994
278,3.6898155,-0.32344234,5.3180103,0.030529756,4.774006,5.4572716,32.80981,0.23055092,0.21486044,0.16770044,0.34761885,4.470512,0.7837136
279,3.7994876,1.1683383,4.591692,0.022640085,4.001292,5.316145,33.55148,0.20027456,0.09356785,0.21636268,0.41568747,4.9047337,0.72397995
280,3.9009728,1.0477061,4.140914,0.026037343,4.864441,5.7350416,32.841526,0.22379154,0.041754246,0.17869462,0.25602213,2.7123046,0.80707955
281,3.675209,1.0413153,4.036506,0.026446283,4.6364737,5.4152946,33.166164,0.21598646,0.054653406,0.22531137,0.6401119,2.2906256,0.8401937
282,3.5692878,-0.54326427,6.1697702,0.01816217,4.391449,4.532202,33.606903,0.12540175,0.08108473,0.2439219,0.23529616,2.5928411,0.98733854
283,3.4945736,-0.095373034,3.2970514,0.03577799,4.2960367,5.713689,32.277096,0.21166487,0.21832931,0.19270293,0.4621387,2.7380087,0.7912394
284,3.651548,1.695358,3.842863,0.022342222,3.848442,5.7211056,33.245686,0.14024276,0.22429764,0.26655865,0.24099952,3.5807288,0.7554231
285,3.6174412,-0.28957725,4.7509713,0.025726277,5.264799,5.3283215,34.082245,0.1593264,0.02294743,0.26212594,0.3211701,2.493264,0.9202491
286,3.609902,0.26215696,3.879531,0.019829169,4.7780743,5.463605,35.330162,0.17048031,0.06930697,0.24406809,0.5194446,2.853959,0.82743883
287,3.7712483,0.031715393,6.7274275,0.019232716,5.1630535,4.5894384,30.726694,0.14290886,0.158414,0.29261923,0.2416022,4.1032004,0.77568895
288,3.7732377,2.0260715,4.217738,0.014565281,4.2086983,5.6508827,35.375477,0.18441242,0.11446762,0.15658651,0.3906989,2.928146,0.99104357
289,3.9209886,0.31580663,4.5925694,0.01373117,4.9843397,5.157999,33.870075,0.27265003,0.17687082,0.15367624,0.3012479,2.1074457,0.9606696
290,3.824255,0.14261484,5.6106796,0.0229404,4.8365297,5.3658004,35.17645,0.19570503,0.14228976,0.16764304,0.3252294,2.2474136,0.9841469
291,3.7753162,1.9290712,4.4717026,0.015948288,4.6016197,5.339425,30.675095,0.19383493,0.067222,0.29181445,0.28963438,4.558633,0.986215
292,3.5649958,0.70130205,5.7193174,0.020504389,4.063779,5.2490473,36.061226,0.14981769,0.1137259,0.1997532,0.42473567,1.3530071,0.8381965
293,3.3505416,0.44427633,5.049203,0.027910689,3.3186064,4.9941726,32.958157,0.12917522,0.15727091,0.28813648,0.23575562,2.3520107,0.9011366
294,3.7784886,0.38467836,4.415854,0.019253757,4.9433784,5.4600363,32.375046,0.21849057,0.13388538,0.2130763,0.36071298,2.7391248,0.8492044
295,3.9864016,0.6378288,6.5353546,0.00942311,5.2241516,5.3255363,34.75183,0.14930528,0.103582144,0.27915293,0.24709415,3.0066102,0.7340455
296,3.6126728,0.77918816,3.903698,0.054007765,4.1651306,5.344012,30.278095,0.10517993,0.11706269,0.22153305,0.31487203,5.7670965,0.97339576
297,3.6157937,0.50621176,4.5431867,0.034707777,4.57261,4.9748745,31.524021,0.10024775,0.106446624,0.32359254,0.30367786,4.388173,0.62767655
298,4.0996094,1.5400822,4.8464065,0.017693203,4.692211,5.4918575,32.82331,0.104309335,0.187729,0.26838958,0.43116608,4.433531,0.9957326
299,3.5717335,0.24779367,4.7970824,0.019141616,4.5385437,5.4179277,34.877922,0.22998676,0.097608685,0.19757915,0.20551151,2.6433687,0.73822635
300,3.7744207,1.0644331,4.539452,0.024787294,4.6639433,5.5725636,31.84422,0.13314235,0.09151673,0.37004307,0.39478788,5.7692366,0.8345929
301,3.615078,2.6116138,3.6990175,0.028737687,3.6145802,5.511583,33.024048,0.11438049,0.14583123,0.24908274,0.25463223,2.2276936,0.93721503
302,3.8129625,-0.5103648,4.4942217,0.026521953,5.6131077,5.144801,32.67324,0.21313354,0.076690674,0.27108666,0.38286334,5.08648,0.7171316
303,3.5351286,-0.24037337,4.2353086,0.034335423,5.5754614,5.5565796,31.852503,0.14257152,0.09557247,0.31197646,0.27877277,3.9899933,0.7915407
304,3.625362,2.3263955,5.473195,0.01680924,3.76927,4.905267,32.990925,0.13757965,0.1534338,0.28364807,0.26924402,1.3997343,0.9536429
305,3.5785604,-0.4343766,5.1297727,0.033791535,4.208788,5.3003206,34.242817,0.16316433,0.09266615,0.25915223,0.2954917,4.666548,0.8071634
306,3.63976,2.434023,3.7843647,0.02724889,3.964652,5.5029287,32.576588,0.12132162,0.13286209,0.31346738,0.37126207,3.0697176,0.98437244
307,3.6608424,-0.42961526,6.524934,0.012950306,4.8499966,5.084304,35.44377,0.16009223,0.09837496,0.24117664,0.234638,2.6728518,0.59248096
308,3.9785466,2.1826344,3.8346834,0.020209009,4.1263313,5.801089,33.19241,0.14920025,0.13304532,0.29833844,0.24977718,5.4058886,0.9951657
309,3.716382,1.8408384,6.1690187,0.0126333805,4.8726463,4.9471,33.28738,0.1631711,0.2513069,0.23540801,0.6411207,1.7887986,0.97766715
310,3.6972914,0.4231634,5.0153437,0.018051205,5.208271,5.2323074,30.870564,0.17364416,0.014767051,0.24434459,0.20954365,3.2754123,0.8771647
311,3.883665,1.0572093,4.1694283,0.015345918,4.305889,5.9352484,33.212513,0.1217637,0.20298934,0.30783924,0.47619694,2.3882449,0.67907137
312,3.8201365,0.66841507,4.057993,0.028631682,4.9057045,5.9408073,33.582485,0.12605374,0.24057305,0.2560659,0.43506175,2.6447127,0.6290916
313,3.5809045,0.60077524,6.4271564,0.018551873,4.2761755,4.5524693,33.398098,0.18541735,0.10764325,0.24362722,0.4025321,2.374587,0.9824447
314,3.8728924,1.001564,3.2745953,0.016807428,5.2567244,5.7187366,33.458466,0.14422221,0.10007644,0.28292406,0.31517145,3.257559,0.88245356
315,3.8405733,2.5884328,5.039882,0.018632378,3.9259062,5.530237,32.61593,0.16209118,0.17321348,0.29396003,0.33784974,2.9851465,0.98574483
316,4.1338778,3.4432726,3.774973,0.018359419,5.5295324,5.717723,28.883854,0.13490936,0.110946774,0.29815352,0.24978662,6.214619,0.81255907
317,3.5837073,-0.35029483,4.499812,0.02448753,4.742713,5.5037003,35.520054,0.15985188,0.11491799,0.19492355,0.3063051,1.8860433,0.928736
318,3.7210746,0.74735117,6.7241516,0.0147427,4.890953,4.455379,30.261509,0.215419,0.15363884,0.2605142,0.26001233,5.418173,0.98486775
319,3.9511495,0.6100304,4.7790203,0.012910783,4.6848383,5.126398,33.998302,0.119457476,0.10295141,0.2781744,0.43856013,1.6650949,0.7171578
320,3.5546112,0.60227895,5.2205124,0.029978117,4.920459,5.3057346,32.606804,0.11151676,0.12886155,0.26365742,0.2437733,4.9308515,0.95882213
321,3.7805214,0.81165504,2.712561,0.036898118,4.5361986,5.811202,32.08507,0.112904735,0.12979877,0.29589042,0.5400727,6.5257044,0.9809027
322,3.6646528,0.5413258,3.7973592,0.02012851,4.6577597,5.926559,34.321594,0.11719547,0.14405465,0.29090154,0.22462812,1.950207,0.8271031
323,3.749712,0.974488,6.572171,0.016829964,4.175482,4.956792,32.814728,0.21778145,0.1056788,0.2275706,0.24505627,4.304393,0.85684854
324,3.5387707,1.8448098,5.9237566,0.016018525,3.9694252,4.7444344,35.34634,0.12988624,0.17730236,0.3030439,0.23537236,2.2149158,0.7544257
325,3.8722625,0.4414556,4.073386,0.027856827,5.536666,5.5670295,31.684053,0.19141218,0.088882685,0.21594734,0.31166825,4.7125297,0.9630633
326,3.7625127,0.4759221,4.7556915,0.017629543,4.604084,5.702422,35.281693,0.22100449,0.15043557,0.19572239,0.35326475,2.585325,0.9368976
327,4.2162724,0.51295185,3.996303,0.018647252,5.863123,5.533359,32.6782,0.19862396,0.15775192,0.17532822,0.2832306,3.4967012,0.9091337
328,3.9817314,1.1647313,5.2374306,0.013123291,5.688348,5.4789605,32.610146,0.22780308,0.13514102,0.21714652,0.3385617,3.6532474,0.95756626
329,3.468629,-0.3388692,5.0853395,0.02709578,4.9470367,5.4707212,34.64791,0.15326962,0.06421018,0.25095013,0.33145386,1.9437798,0.8870313
330,3.4736452,-0.7616657,4.8312125,0.031096168,4.7324505,5.315505,34.40954,0.19642662,0.09694743,0.22195667,0.49962407,1.5337975,0.63992655
331,3.4330716,-0.5831578,5.3074884,0.029395562,4.953045,4.7188034,33.023586,0.27474463,0.10771382,0.21267673,0.37086493,1.5834605,0.64533967
332,3.73212,0.6923723,3.6497483,0.020832382,4.1413364,5.32738,34.940132,0.10298857,0.112627745,0.37428644,0.258747,2.7681565,0.97245467
333,3.838879,0.6690202,4.9353046,0.013850772,5.0018196,5.4591103,34.42721,0.17177328,0.13665771,0.1475262,0.2429765,5.449668,0.7967116
334,3.232779,0.06784248,3.6208212,0.028314844,4.2508993,5.658458,35.42031,0.22515815,0.12933326,0.3265049,0.22693804,2.7503436,0.8451475
335,4.175597,2.0805678,6.5628166,0.004984369,5.1877174,4.5994453,32.265545,0.13243333,0.104846,0.31612688,0.24511243,2.892804,0.85928357
336,3.206544,-0.2921729,3.8083627,0.056261614,4.238758,5.720668,34.722504,0.19725257,0.10859001,0.22353442,0.23732282,1.9860486,0.7609501
337,4.060176,1.5903311,6.79702,0.012872095,5.3653717,4.5532427,32.17745,0.10841842,0.18363965,0.30984482,0.3404801,3.3282452,0.97453463
338,3.465342,1.003583,4.069692,0.033610642,4.5283356,5.7022953,32.11427,0.239957,0.07004428,0.24500266,0.38927224,2.2075171,0.87879574
339,4.322589,0.43849993,5.506838,0.016818969,5.2551823,5.55739,31.793636,0.10509448,0.17184138,0.302602,0.22438996,5.515021,0.8785592
340,3.464848,0.6701329,4.7308073,0.031807616,3.2519875,5.530609,33.58316,0.24147263,0.11588538,0.21249273,0.39143175,1.142913,0.9439431
341,3.51062,-0.11206007,4.1782894,0.02145318,4.9013386,5.328951,36.158318,0.13211377,0.10342562,0.30775893,0.32366732,2.41318,0.8894977
342,4.1561766,1.7174177,4.5857525,0.0132245775,5.409112,5.2789097,31.342592,0.14808273,0.10658693,0.25339586,0.31879517,6.669185,0.95327836
343,3.7319694,0.6316869,5.2798147,0.01330634,4.9900856,5.007018,34.43376,0.15119326,0.1225791,0.28736946,0.39289433,1.3160434,0.96895546
344,3.8745165,1.3133848,4.357257,0.02880982,4.63809,5.0856133,30.313324,0.1760602,0.17239964,0.25293618,0.33670223,5.3974066,0.78063995
345,3.9362497,1.6111255,4.885845,0.017194733,4.7453995,5.556589,31.916508,0.19192505,0.14919794,0.2740022,0.39061904,5.766649,0.91808766
346,3.9848585,0.64686394,4.9275074,0.0060386606,5.3617916,5.1115713,35.535717,0.14937682,0.1084398,0.30205965,0.33573794,2.3840306,0.8754256
347,4.003251,2.1318302,4.6686635,0.028123463,4.647499,5.584775,31.60514,0.13671571,0.1324997,0.25427863,0.3049717,3.6137657,0.9985201
348,3.6536613,0.5759897,5.8150697,0.02023942,3.912078,5.117591,34.337772,0.10738267,0.10486758,0.30826643,0.32417735,1.5552335,0.9265034
349,4.0204506,0.2805395,3.6095417,0.033270836,4.5987883,5.8253994,33.832924,0.15258415,0.15198696,0.20463608,0.2631089,4.312716,0.775418
350,4.062381,1.4160635,3.7877722,0.012997248,5.644721,5.7980514,31.922329,0.21618694,0.07995343,0.2523858,0.39911804,2.5565228,0.9389653
351,3.724019,0.6098299,5.646354,0.024248872,3.7519016,5.3294926,31.864471,0.13101883,0.2007947,0.2520287,0.28614545,5.388193,0.9860441
352,3.7764368,0.4950874,5.872183,0.018673439,4.0785847,4.828989,33.20579,0.12928799,0.20339477,0.28252724,0.27216154,5.586855,0.98769915
353,3.7413945,0.7108793,4.0325727,0.017543204,5.1922417,5.435293,33.68748,0.15585452,0.043046474,0.13300057,0.3532307,1.2988504,0.5885337
354,3.8156333,0.7106757,4.3735504,0.02666738,5.340557,5.673113,33.19468,0.28117576,0.008829236,0.18046291,0.26379335,3.243281,0.92215836
355,3.857627,1.3411727,5.4134126,0.014781643,4.3030634,5.039737,31.44764,0.17263144,0.19452465,0.16371024,0.29672778,6.1101747,0.93989676
356,3.3600144,0.19581962,3.0657778,0.03732083,3.8757753,5.7429266,34.9995,0.11825963,0.056543827,0.34834573,0.27558953,2.7863379,0.83841646
357,4.103983,1.2931478,6.804531,0.009317391,4.982012,4.7551594,33.835823,0.21623111,0.21166599,0.16334318,0.25812694,2.2473702,0.9121803
358,3.436111,0.41816425,6.13899,0.0253108,4.360033,4.9111643,33.645103,0.18456909,0.1096797,0.31070584,0.22266296,3.3298316,0.7536942
359,4.0747986,1.0527661,3.3070512,0.014430603,5.002947,5.7956424,33.7402,0.11154442,0.20440102,0.21166465,0.28470716,4.1682878,0.8479391
360,3.6977434,1.4425933,5.116723,0.03307575,3.5721598,5.0553885,32.573013,0.10055591,0.057741046,0.3793359,0.30568933,1.2456405,0.9802445
361,3.7634664,1.1331644,5.2333965,0.017257199,4.862069,5.2864456,34.302044,0.1822412,0.1809355,0.17205384,0.25102895,1.2195336,0.8637004
362,3.8610778,1.1431322,4.6683364,0.01554064,4.928787,5.397745,34.153645,0.2814537,0.20068932,0.17508467,0.23614325,1.1068398,0.79713994
363,3.8429303,0.90713835,4.4071617,0.019948613,4.891534,5.4438305,33.850372,0.21525294,0.18395352,0.1763345,0.23016918,1.2096492,0.75957555
364,3.871171,1.2249203,4.368449,0.01749143,4.6425533,5.596398,34.095726,0.21837819,0.1826421,0.1833562,0.2724372,1.2526886,0.82138324
365,3.7005773,1.435744,6.3628936,0.017214462,3.553691,4.7049255,32.95279,0.10958944,0.11445749,0.26065966,0.3095261,3.7096443,0.7487154
366,3.4881368,-0.038298726,5.825828,0.017751707,4.899358,4.4956064,33.460876,0.17811769,0.177513,0.26513675,0.30109152,1.4612865,0.95878255
367,3.7543306,0.64399076,3.747108,0.026518852,4.5085487,5.7366056,35.516953,0.14481512,0.19596493,0.22817776,0.45634598,1.6928517,0.93902373
368,4.0253277,1.3337321,6.4857087,0.030332392,5.101734,4.740593,27.581202,0.11909853,0.041050434,0.27469072,0.20690693,7.926183,0.612499
369,3.6038861,0.54730296,3.4395967,0.014047406,4.3589134,5.463568,33.742023,0.123286925,0.21985984,0.25584742,0.20003422,1.1002007,0.78346735
370,3.744019,0.5832701,5.6455946,0.033678275,4.6461964,5.321042,34.544956,0.18270078,0.24287438,0.27119336,0.20108451,1.8553268,0.44657084
371,3.751823,0.8921838,6.32548,0.04560133,4.4000053,5.473612,33.916164,0.12073911,0.049289227,0.24714142,0.6085561,4.1085224,0.93639994
372,3.844522,0.6476722,5.971798,0.022575293,3.358697,5.0715938,32.37719,0.11069003,0.072347164,0.3021152,0.6869037,3.702244,0.8879844
373,3.856626,1.6927412,4.927485,0.013945091,5.264043,5.1735954,33.51889,0.107829094,0.13524616,0.39325345,0.26017284,4.4553256,0.9379576
374,4.151226,3.007885,4.6213007,0.01471568,3.9663172,5.4286633,32.44603,0.13723688,0.14015067,0.19041458,0.35836703,1.8209423,0.6592595
375,3.9145913,3.2518716,3.9200583,0.012609841,4.9355125,5.856807,34.427357,0.17357703,0.18646264,0.25246757,0.33556613,5.389263,0.610149
376,3.8009472,2.2902756,3.5739698,0.013812151,4.770707,5.58749,31.425827,0.20015827,0.1708759,0.23479202,0.2990128,2.141533,0.8386437
377,3.5790672,0.3164749,6.2952185,0.028260762,3.5204945,5.024362,34.257202,0.17466304,0.14243329,0.23709807,0.31893128,4.268386,0.89143646
378,3.6215305,0.44702888,3.8165731,0.021106878,4.64904,5.255171,34.84917,0.10919159,0.16299212,0.3446552,0.35175663,3.1990802,0.95173085
379,3.594339,0.3395884,4.4547243,0.032669734,4.258809,5.1325617,33.765125,0.17325687,0.1819849,0.26587933,0.27710003,2.2700644,0.85397863
380,3.316812,0.69952273,3.2640886,0.026553916,4.2626295,5.6460085,33.46693,0.11202958,0.21748674,0.24851882,0.39927876,3.0861354,0.7063024
381,3.5145445,0.9124675,3.0328765,0.037226643,3.3073473,5.3593903,34.928875,0.13982803,0.117180824,0.21038383,0.35526758,2.8984692,0.6070026
382,3.405572,0.5091331,3.4064674,0.0428098,4.3816013,5.8483744,33.932213,0.15774012,0.09788978,0.32269716,0.31913298,2.7792137,0.9849694
383,3.6587324,1.0600362,4.341921,0.025537107,4.798503,5.2675333,33.65915,0.11599138,0.17671251,0.21133828,0.27315533,2.8012133,0.6068193
384,3.840271,1.1279888,4.5604815,0.017242689,5.1026573,5.4473014,33.109505,0.15337913,0.10284746,0.20563096,0.27696216,3.2781057,0.9966162
385,3.6374922,0.5167167,3.467338,0.022206722,4.258419,5.431285,35.82157,0.14816947,0.2119689,0.21666718,0.37126297,3.0085928,0.32100815
386,3.7233443,0.65314484,4.0766544,0.030793462,4.5598793,5.417817,28.864677,0.13687152,0.14331293,0.33876556,0.40148503,6.069222,0.9634746
387,3.6798363,0.74129343,4.6306934,0.016764475,4.581051,5.465309,36.29148,0.20611739,0.100527644,0.25668624,0.26036686,2.095902,0.7700639
388,3.9657483,1.2734687,4.1011443,0.041720934,5.8459806,5.653452,25.916222,0.17034267,0.15606368,0.25037244,0.38029328,8.704861,0.8484233
389,4.1796904,-0.11298263,4.776185,0.023530982,5.6812363,5.229122,27.119637,0.14597547,0.07297957,0.20274001,0.28954253,8.955599,0.7840206
390,4.158478,0.65694666,5.358228,0.028328259,5.4641666,5.2021213,26.90441,0.14276603,0.10009813,0.20391732,0.2748303,8.542639,0.87867975
391,3.8609285,1.6191864,6.1056557,0.016221946,5.096306,5.2849956,30.493572,0.15281573,0.1860137,0.2524023,0.3661871,5.8268943,0.9016661
392,4.1625175,1.6758277,5.4002223,0.0149790635,4.653923,5.0084114,32.080925,0.12835795,0.22607374,0.2865818,0.31999862,5.1593256,0.79827416
393,4.065403,1.4147012,4.777121,0.014070175,5.640811,5.299465,31.48563,0.16186763,0.11443889,0.2753161,0.30751365,3.995837,0.88736045
394,3.9678135,1.2513103,4.9068727,0.01800926,4.6531467,5.308524,32.855583,0.1469513,0.14711618,0.2641228,0.34183568,3.3859901,0.94859576
395,3.651895,-0.4007814,5.173863,0.017298799,5.219803,5.271661,34.62025,0.11073436,0.10107362,0.33742803,0.3245489,2.682836,0.9680263
396,4.014492,2.1010108,5.389682,0.011281807,4.5252304,5.316018,32.87059,0.19521135,0.2343744,0.21434122,0.2687172,1.5482981,0.5977197
397,3.4609814,-0.16269839,4.1983514,0.022754088,4.6549463,5.54416,34.896217,0.11227568,0.048710823,0.36438638,0.3411476,3.5417101,0.975833
398,3.6184192,2.1334405,5.56783,0.012162171,4.4171295,4.906826,34.40821,0.24643627,0.23186517,0.15880004,0.34735656,3.1373808,0.6223278
399,3.6713405,0.38519812,3.5492182,0.020426163,5.3740826,5.37335,33.152218,0.11940267,0.2015245,0.3336328,0.5325543,2.1211724,0.89330715
400,3.987092,2.5370793,4.629151,0.015016942,3.9590797,5.1026673,33.39662,0.23065087,0.19651556,0.20299217,0.27097648,4.733714,0.90191036
401,3.7749376,0.34856415,3.2911901,0.018028973,5.2811413,5.4343615,31.974815,0.2486926,0.0858078,0.15175347,0.34994787,5.938473,0.9547743
402,3.881494,0.5611105,3.9483643,0.019437803,5.0108156,5.5808716,34.54697,0.2707062,0.05282581,0.15125991,0.29425466,2.2874205,0.95590353
403,3.4670153,0.5199487,4.69354,0.039631207,3.7138662,5.5942707,32.33551,0.1334216,0.19920099,0.33382922,0.30399874,3.3646529,0.96338207
404,3.8216352,1.5319259,4.407803,0.020577796,3.7113209,5.2022643,35.58802,0.2244465,0.097849846,0.24334165,0.3025725,3.5406005,0.9771633
405,3.7761216,1.4367898,4.887402,0.027790835,3.8763857,5.6896777,32.271885,0.1595461,0.18604958,0.23416969,0.37171546,3.5896845,0.9206646
406,3.8996148,1.423543,3.424903,0.019624261,5.0522146,5.306059,32.91608,0.12189578,0.16711473,0.30041817,0.22447148,4.6020894,0.3395205
407,3.4538884,-0.4277811,2.942865,0.036403228,5.6437836,5.9132776,33.910213,0.1971966,0.011802554,0.20642528,0.5630871,3.6640038,0.99535084
408,3.48731,1.2428703,5.4002233,0.021183591,3.5727224,4.9648657,33.963867,0.2055707,0.22262251,0.20468903,0.21378413,2.5712423,0.4420091
409,3.5331502,0.5943351,4.2526984,0.037332993,3.8596058,5.2765093,33.077194,0.123341106,0.091395736,0.3338132,0.47340083,3.2313108,0.9845351
410,3.726757,1.8699856,4.374382,0.01964697,4.484977,5.646589,33.289837,0.137236,0.08746266,0.30786523,0.2697209,3.6941636,0.98842317
411,3.840013,1.2369995,3.7263384,0.025425725,3.9412098,5.2051897,32.022026,0.22123024,0.06708193,0.30740315,0.44095042,4.3002114,0.9897524
412,3.7337518,1.8977027,2.7855415,0.034362175,3.8840952,5.707158,33.527325,0.16362967,0.12150419,0.23307997,0.3406074,2.5898864,0.9845598
413,3.3403106,1.9474795,2.9423866,0.027015854,3.8127136,5.2969494,32.862587,0.16269252,0.19236934,0.23430893,0.3356554,3.3706615,0.92210644
414,3.882379,0.29063606,3.2763295,0.015338203,5.5897064,5.60536,35.13594,0.1261091,0.07323241,0.23674378,0.25891775,1.9573405,0.860518
415,3.7425895,1.1341462,4.8520184,0.027092697,5.1832056,5.387862,30.774914,0.10918273,0.10882342,0.2986815,0.30616704,4.753652,0.8411364
416,3.7520232,0.668381,5.4533234,0.021367028,3.532834,5.115788,32.35238,0.108508535,0.1513133,0.2733242,0.32525796,4.740209,0.9729706
417,3.724986,0.91495824,5.3141336,0.013985005,4.243677,4.9370813,35.311512,0.1147017,0.17233145,0.32357782,0.30516893,2.8267343,0.9571787
418,3.7453141,0.68941617,5.171681,0.014856319,4.3609247,5.065949,34.691795,0.1115855,0.17128658,0.2987586,0.25042248,2.8637476,0.92210317
419,3.840468,0.8088238,5.2554417,0.013862952,4.584671,5.466896,34.678043,0.10025947,0.08518183,0.21781212,0.42401356,2.1042302,0.93221545
420,3.6876397,0.5894418,4.882027,0.027648147,4.903902,5.301318,32.870472,0.10056236,0.14334583,0.3572314,0.25105882,3.0439515,0.95138264
421,3.8172374,0.30190086,5.1356435,0.021583352,5.0087557,5.280648,33.207977,0.100726224,0.16818595,0.31981778,0.2462612,4.3860893,0.9282129
422,3.819096,0.102976084,4.5516977,0.014790451,5.6167297,5.2994313,34.22996,0.100486144,0.13000417,0.23399746,0.2945456,1.4001174,0.991507
423,3.8939252,-0.55500007,6.754615,0.0121674705,6.1288013,4.355776,33.103924,0.13594621,0.15486848,0.29155472,0.36405933,5.822367,0.91917914
424,4.0943756,0.49454594,4.804997,0.009662871,6.180275,5.176615,33.883514,0.13410832,0.10009408,0.27087376,0.26163077,1.3478832,0.80755013
425,3.9062552,1.0789053,5.485353,0.018335199,4.6244383,4.9375687,34.112682,0.116405755,0.15500522,0.31392375,0.33345896,4.8634424,0.8802645
426,3.8110418,2.0563207,4.0854874,0.022833625,4.2155952,5.211355,30.675797,0.14044571,0.011116385,0.24836302,0.31593707,3.2642846,0.80174774
427,3.8664308,1.6524472,4.06316,0.024976308,4.7402105,5.7921667,33.729996,0.14206058,0.031460762,0.22485381,0.23808847,5.653592,0.41657975
428,3.4331703,0.4017613,3.1629763,0.054732822,3.560089,5.9104276,33.58705,0.14542009,0.09675038,0.23383838,0.23177391,1.7531931,0.91850543
429,3.5921688,-0.20173872,5.0131664,0.03857718,4.778949,5.1852393,33.228367,0.17689854,0.13358545,0.16027656,0.37659127,4.2858977,0.9712581
430,3.797432,0.68596387,3.6671596,0.0221802,4.9825134,5.7354493,34.606827,0.14599314,0.14768803,0.29882506,0.23696601,1.7159325,0.7050084
431,3.524434,0.3711996,6.6063833,0.012742579,5.028324,4.553939,32.426575,0.16752988,0.15474927,0.22985825,0.43885785,2.9115627,0.9398338
432,4.0249453,1.4992311,4.7336993,0.016994443,4.2171946,5.334485,34.375664,0.25473982,0.090569496,0.12512079,0.23244323,2.705361,0.7050031
433,3.7313967,0.8555062,4.9320855,0.01567587,4.6931696,5.254426,33.42448,0.2608994,0.13779604,0.12268118,0.23424396,4.9043293,0.74044734
434,3.7659407,0.54151154,5.053261,0.010113293,4.6303186,5.0145206,34.51854,0.1382881,0.11907208,0.40722284,0.27137545,2.622888,0.8916336
435,3.5648284,0.42787552,4.0671744,0.042353343,4.340004,5.6742754,31.804655,0.16953146,0.15900218,0.147112,0.32257512,2.7475538,0.86775076
436,3.7468066,1.3069441,4.707488,0.025227306,4.391757,5.4675975,33.798225,0.103819616,0.12060499,0.39634848,0.3036589,1.4647783,0.89344895
437,3.8149104,-0.038374186,5.492549,0.025540376,5.0043335,5.5356507,33.167805,0.2748527,0.14440584,0.16470519,0.32874578,2.8752003,0.7366143
438,3.5938191,1.258683,4.2511034,0.012579411,4.2256336,5.3835497,33.8848,0.121436164,0.1793834,0.3280912,0.38335747,3.2171981,0.9469167
439,3.778696,1.072185,3.6936407,0.05066876,4.7114563,5.770776,32.344593,0.1538328,0.14547348,0.2241157,0.2647978,5.2385736,0.89743006
440,4.2875147,2.378931,7.298423,0.0052378946,5.7388678,4.97676,34.160595,0.15802741,0.12337577,0.33082312,0.3128431,3.2749674,0.9013975
441,3.5781102,0.1916182,8.330208,0.012154668,5.3261375,4.3167987,33.47387,0.21839145,0.13893771,0.19010487,0.35034084,3.0261767,0.8557837
442,3.9572887,2.2525172,4.1239667,0.015997216,4.4955626,5.4835005,31.339693,0.13481453,0.114400625,0.33027747,0.3489886,2.2069974,0.85497737
443,3.7848606,1.4390836,5.0341716,0.017533615,4.1334543,5.62463,35.010475,0.22433525,0.12688947,0.19482774,0.28808892,4.864417,0.8855861
444,3.8001308,-0.036571622,4.294388,0.018162088,4.363325,5.398649,33.750874,0.135669,0.11410582,0.3358449,0.31259587,2.88945,0.9447624
445,3.659687,1.6870911,5.728744,0.022405526,4.5403204,5.0143003,33.820854,0.12320383,0.13149238,0.26769772,0.3417967,2.6676664,0.995459
446,3.7082772,0.3677466,2.8028617,0.021686532,5.0466585,5.3337,32.74997,0.18782169,0.14311242,0.24297324,0.3909604,2.8873484,0.9928186
447,3.5140119,1.57653,4.1240783,0.031645823,4.676857,5.5167837,33.586216,0.1561905,0.1339544,0.28543025,0.3920499,4.166433,0.8861814
448,3.4404573,0.41877985,3.1753457,0.033141565,4.2481956,5.269696,32.149384,0.11342591,0.17341149,0.27794743,0.33379292,2.3549438,0.8973194
449,3.9155288,2.263198,3.2830296,0.016017383,5.0756664,5.5161624,31.392757,0.22120762,0.14191079,0.2264821,0.36621064,3.7453845,0.9133876
450,3.9733253,2.0639024,4.137041,0.045034688,4.007555,5.926035,31.666935,0.13127229,0.1368084,0.33329934,0.28025725,6.4893064,0.98709387
451,3.9675922,-0.4352131,7.4505377,0.0061959457,5.40753,3.8791406,33.88111,0.19544217,0.120625496,0.22011024,0.23330423,2.1745152,0.66764385
452,3.8103065,2.1918364,10.509719,0.0017327688,3.8784466,2.4568684,35.557304,0.12801024,0.13454854,0.296538,0.26854804,3.0037186,0.978409
453,4.364972,-0.070869565,11.538871,0.0039399033,5.650017,3.7678843,31.833834,0.10473057,0.12267017,0.311279,0.3386065,7.0873523,0.8654558
454,4.32749,0.2006011,11.660864,0.0041806498,5.682334,3.4713216,31.315044,0.108353816,0.10719657,0.34522974,0.38914913,7.7178984,0.8796275
455,4.169091,0.8621659,11.730449,0.004361324,5.6546593,3.5854049,30.140549,0.10534908,0.13165104,0.32108438,0.32262763,7.714923,0.8671156
456,3.6681685,0.5061655,11.6487665,0.0023717992,3.7673588,2.522108,37.04477,0.11887144,0.1635431,0.246793,0.31527558,2.120422,0.96267074
457,3.5439343,0.83842874,11.500387,0.0039346633,4.28619,2.482322,31.549244,0.10997964,0.13244402,0.27979544,0.24642347,3.1022742,0.9146022
458,3.5455542,1.0002613,7.6809072,0.0071446835,4.6104727,4.404691,33.262703,0.19674051,0.13526821,0.24588436,0.29319447,1.427853,0.9109197
459,3.6573896,1.7447433,8.479979,0.01132125,4.594036,3.5717945,33.83367,0.21238393,0.19459677,0.25950325,0.24308194,2.2463171,0.85470635
460,3.4700723,0.6726353,7.064764,0.0063334126,4.1777306,3.4228914,33.66267,0.1287885,0.13686752,0.2143277,0.22112703,2.9949703,0.705533
461,3.6307487,0.86209345,7.538293,0.018107304,3.8779058,4.9622483,34.890343,0.11290594,0.119674206,0.28994623,0.2029337,1.9166864,0.93647575
462,3.210837,0.93698096,6.8123503,0.015996045,3.4908218,3.9542518,33.18621,0.1140734,0.14420664,0.256738,0.20068833,2.5669768,0.86249906
463,3.6645565,0.44870186,8.389851,0.012892941,3.92373,4.368119,35.025555,0.10411677,0.11375165,0.2707572,0.2013853,3.1970634,0.5846372
464,3.7038283,0.5979023,3.9760633,0.018837078,5.376252,5.3277173,31.34237,0.13168976,0.16005671,0.30546564,0.20009848,4.687023,0.93837637
465,4.036705,0.17730737,5.4520755,0.01942502,4.8890553,5.4858913,35.325714,0.12331403,0.18514717,0.3606844,0.20012124,1.5486889,0.88335216
466,3.723547,0.8786187,3.089652,0.016288314,5.3276453,5.7080016,32.778275,0.17212164,0.10972834,0.274136,0.20051207,1.4577024,0.85342526
467,3.9561605,1.0424597,6.273897,0.025308387,4.515958,4.1883006,31.599085,0.13183986,0.13078296,0.24996227,0.20383346,7.554148,0.6275454
468,4.1088123,0.22792101,6.8742867,0.024446288,3.857521,5.1960006,29.33494,0.12610604,0.12899446,0.27506557,0.20779015,8.923876,0.4820791
469,4.0523586,0.7237115,4.1557846,0.032413166,4.57059,5.098935,32.565254,0.15220459,0.02221036,0.3000744,0.204362,9.338787,0.76998127
470,3.872373,0.7904327,4.2157345,0.016217442,4.683304,5.643177,34.074394,0.20304167,0.22381115,0.23368329,0.5246114,3.6687632,0.92447054
471,3.7715416,0.8805311,4.326726,0.020083027,4.844631,5.477232,33.851624,0.15954947,0.20580626,0.24410188,0.457618,3.4872274,0.903527
472,3.6243405,0.3594706,4.1313815,0.03585749,4.919921,5.8108444,33.13633,0.16883335,0.16758037,0.20360528,0.24416786,3.6704416,0.7583162
473,3.747343,1.1844618,6.2527084,0.0107762525,3.958006,4.6588516,32.057587,0.11219958,0.15482605,0.28997675,0.24632911,4.6025734,0.8536922
474,3.8493795,1.4043586,6.4866114,0.0061374404,4.799099,3.7654316,33.542217,0.1464623,0.14434612,0.1973958,0.37823898,2.1066794,0.8734142
475,3.4540176,0.6035805,2.501233,0.03449395,4.824753,5.589048,34.461445,0.112035275,0.11974847,0.3019636,0.26808536,2.8952756,0.84750766
476,3.7334318,1.4812961,3.3283463,0.032289367,3.7779942,5.820508,32.07241,0.115557455,0.17805684,0.24364132,0.29253268,4.233288,0.9339651
477,3.617981,0.75589395,4.238279,0.024759993,4.481783,5.7903605,36.332527,0.16764593,0.10939908,0.27729878,0.3939814,1.7822807,0.97856057
478,3.6043591,0.66551304,4.515828,0.020386437,4.219969,5.7225075,36.557762,0.17362647,0.11442518,0.26044637,0.35742468,1.8063655,0.95787966
479,3.476687,-0.35154188,5.3093643,0.021544917,4.5733023,4.3788567,33.53037,0.13757308,0.11409187,0.35131794,0.25580755,3.5625186,0.77568793
480,3.6691656,1.6555429,3.1176329,0.022167793,4.2568007,5.7903147,31.631617,0.15812424,0.09520304,0.2004278,0.27150846,4.1444664,0.94948035
481,3.8953767,0.6022816,5.579184,0.01449923,4.5334873,4.4454565,32.658897,0.10673978,0.13617742,0.24665338,0.2874028,3.5039842,0.97572476
482,4.0769176,0.8445735,4.549552,0.016987205,5.4087553,5.1914353,32.618187,0.3085986,0.1600802,0.22216025,0.21410933,3.28398,0.9728751
483,3.8967714,0.03020382,5.047056,0.01828915,4.903389,5.561775,34.219124,0.14714889,0.12609136,0.20695144,0.23097979,3.2427738,0.89029425
484,3.5225096,0.35635638,3.513455,0.019505227,4.873309,5.0664253,34.403427,0.2495577,0.19456911,0.18407995,0.33597314,1.6636713,0.90701973
485,3.541802,0.40096664,4.595772,0.029731028,5.1054564,5.2767496,33.81263,0.23706287,0.21413672,0.16089419,0.35452437,1.2732425,0.84057987
486,3.9734087,1.5928574,3.7985334,0.03524719,4.6024246,5.567438,30.317242,0.11408731,0.17756963,0.28174147,0.31225395,6.9943814,0.7078507
487,3.846305,-0.01264751,5.659984,0.010794125,5.5633163,4.9640126,35.751717,0.15598926,0.08711946,0.2622297,0.30153984,2.1072254,0.9703855
488,3.9974284,0.63856983,3.6182022,0.044304464,5.242156,5.9532123,30.385664,0.11480262,0.12734222,0.29594,0.21749021,5.6348486,0.44839415
489,3.9608588,0.824872,4.128276,0.042411234,5.090254,5.9153194,29.9197,0.113216504,0.13172424,0.29901442,0.20820808,6.013515,0.5821569
490,3.756609,0.8515582,6.9567704,0.035824828,4.2886877,4.564315,29.13639,0.16405955,0.13693547,0.2622383,0.35717976,5.649195,0.980622
491,3.9652677,0.6648021,5.1831303,0.009387183,5.6336927,5.2843585,34.57402,0.12992978,0.1466484,0.254603,0.28350645,1.0244542,0.80177563
492,3.5414844,1.2223139,6.5461707,0.014064389,3.6233578,3.7789898,32.572483,0.13677825,0.10758042,0.24958229,0.25247887,5.7633166,0.98827296
493,3.714807,0.7556324,6.5286617,0.013016097,4.388996,4.706272,32.47576,0.14011943,0.14411366,0.24659017,0.26843178,3.960825,0.964294
494,3.6334596,0.6798613,4.1867046,0.034765366,4.6501083,5.861888,33.880913,0.13202041,0.07128203,0.24771672,0.35273355,2.4012365,0.5813585
495,3.65767,-0.15795016,3.8323212,0.02530583,5.0301743,5.3907366,33.544624,0.12787834,0.06384158,0.23365703,0.3044402,2.3085938,0.46393535
496,3.6157832,-0.0827539,4.721089,0.027373038,5.033766,5.620424,34.71099,0.106707305,0.052529454,0.29825613,0.30062097,3.4207506,0.893165
497,3.644359,-0.28689158,4.9746847,0.03042383,4.7791786,5.5683775,35.80603,0.105667725,0.066832185,0.3022672,0.2908814,3.0398772,0.9069751
498,3.4314566,-0.30063796,2.5296154,0.029635016,5.0338087,5.7321415,33.258293,0.11014493,0.16659808,0.26430425,0.2658838,1.8247097,0.7336814
499,3.6366448,0.41055942,4.511581,0.02322398,4.5328026,5.521533,34.064224,0.12060403,0.16791403,0.34294915,0.29709035,3.3118618,0.9254797
500,3.9404058,0.5066724,6.1170006,0.011458438,5.17029,4.694351,33.65664,0.10261708,0.20593822,0.28549448,0.3688395,2.3860922,0.7640323
501,3.4948459,0.1517551,7.5210357,0.009112668,4.731516,4.118003,35.260994,0.111670785,0.10684216,0.24268928,0.28525102,1.920835,0.9704544
502,3.4444656,0.10377741,6.54759,0.010899515,4.095312,3.76265,34.055805,0.10502591,0.16466558,0.27881983,0.22559871,1.395698,0.9536145
503,3.9244719,2.177638,3.3990405,0.032716993,5.295433,5.979647,31.956692,0.16479823,0.084576964,0.31746897,0.4585312,4.3598394,0.95165604
504,3.9840312,1.0640941,4.576871,0.03436149,5.0456734,5.154398,31.583021,0.12999943,0.18005812,0.23104921,0.27026975,6.273669,0.61958843
505,3.496243,0.34001255,5.0929675,0.016995478,4.3050146,5.1682673,34.61121,0.12935975,0.23892415,0.23128381,0.33579314,1.2717625,0.9689689
506,3.547824,0.111010075,5.1070495,0.023978977,3.8619728,5.154754,34.12307,0.121323995,0.21019077,0.30301577,0.27969027,2.8819761,0.8273708
507,3.6660895,1.4582822,3.8362722,0.0172305,4.5234785,5.4418077,32.471767,0.19312972,0.14276314,0.29145983,0.27527326,2.589406,0.86138076
508,3.756022,1.9998584,4.6061954,0.023763794,4.1107044,5.3847027,34.001873,0.14491221,0.17927074,0.26844624,0.25648317,3.7566278,0.89052445
509,3.5066547,0.18366909,5.6134014,0.019495955,4.7493763,5.160987,34.768906,0.2533353,0.12623858,0.20722182,0.36221513,3.2413056,0.8528892
510,4.2243404,1.977154,3.4139533,0.01875526,4.820958,5.82541,32.481407,0.16276067,0.13515496,0.21985349,0.24270022,3.533418,0.96369064
511,4.0120344,-0.027400613,4.565762,0.045054715,5.744955,5.6927447,26.159248,0.12877701,0.13212669,0.3389889,0.4323256,7.5811095,0.80638057
512,3.8893065,0.7403531,3.7191148,0.053581357,5.5266724,5.1835885,26.484138,0.18760955,0.14128721,0.27799433,0.30210388,8.425882,0.8492874
513,3.9187026,0.88112307,5.423596,0.03205142,4.3351574,5.484537,25.31382,0.11371762,0.16932619,0.3050287,0.3129049,9.079935,0.9420308
514,3.8514915,2.237131,5.2511287,0.027206523,4.666275,4.727607,28.622766,0.10177894,0.11850953,0.26821068,0.36542648,9.804916,0.9802798
515,3.534802,1.5870807,4.5813537,0.0290951,4.3912907,5.072216,27.159225,0.101441324,0.09434092,0.2976842,0.3541137,9.776058,0.97558707
516,4.4831963,3.2250419,3.5853002,0.03722683,3.4442368,5.7416983,28.620434,0.100206174,0.10185218,0.28510612,0.3400725,8.533459,0.9650111
517,3.717413,-0.33227324,6.4493995,0.032770965,5.0760326,4.4393196,25.36295,0.1852062,0.11936629,0.2388205,0.33040667,8.988695,0.9920236
518,3.7907443,0.30554032,6.7327986,0.031576343,5.686247,4.5996513,26.697174,0.121763654,0.11711204,0.24422309,0.32823545,9.242747,0.9738739
519,4.006112,2.0160599,6.156131,0.012259982,4.9999638,4.843963,32.420998,0.11580761,0.12508714,0.32586363,0.278896,7.6249075,0.6255202
520,3.6738453,1.8964667,3.7541761,0.014204767,4.674944,5.7615433,35.15437,0.10413526,-0.008619249,0.2533827,0.53111196,1.3966057,0.91567194
521,3.7061281,2.0040712,3.6484694,0.021381436,4.750968,5.730295,34.87894,0.10439816,-0.0011774898,0.28201815,0.46513045,1.4725635,0.89781654
522,3.9085307,1.8179603,5.2831955,0.02525965,4.885462,5.3253603,24.099747,0.10622118,0.24272108,0.2806537,0.21524034,9.578384,0.9297233
523,4.51097,1.2095652,5.5289288,0.028253024,5.5198174,5.434638,25.200768,0.11438629,0.10238445,0.326178,0.34656614,8.630747,0.34386563
524,3.7892241,0.7468264,5.833143,0.03013529,5.3446474,4.54348,24.61915,0.111969665,0.066018224,0.25736222,0.24425608,9.677332,0.93583447
525,3.996911,1.8337858,5.3464932,0.04865955,5.2760334,5.477335,24.915205,0.16578232,0.12021816,0.301914,0.20590907,9.789517,0.83767545
526,3.9849377,2.5259128,4.309015,0.042482004,4.043129,5.4571095,27.68773,0.17952892,0.20538402,0.22627556,0.22563191,9.132085,0.72856206
527,3.6483455,0.30293941,2.5444655,0.044191144,4.6340475,5.922221,31.375214,0.15722084,0.07919693,0.24791524,0.22563,7.1395454,0.80116004
528,3.703844,0.8961079,3.469582,0.038480517,4.45068,5.77036,33.03095,0.16756578,0.08729887,0.27252838,0.2699517,2.5518494,0.6983854
529,3.5422964,1.2200994,4.838577,0.02235504,3.3913975,5.002084,32.904034,0.2828214,0.091195226,0.15409195,0.39311773,2.8803954,0.9510929
530,3.4747906,0.5099244,4.07932,0.035897426,4.058546,5.497627,33.388283,0.17678222,0.022987723,0.25296453,0.2631747,2.9027257,0.5201802
531,4.105235,1.2192125,6.3180275,0.008893978,5.190276,4.8529973,34.248077,0.14065349,0.23412192,0.28141534,0.31844458,3.5878758,0.93078774
532,4.2232904,0.90583014,4.7609816,0.0112857325,5.3476334,5.3977146,33.084312,0.14141072,0.2709484,0.26429036,0.5285393,2.199047,0.9861984
533,3.6436658,0.9328253,4.0173583,0.028471217,4.1120396,5.4242163,32.18506,0.124461755,0.20598733,0.28303027,0.39945716,2.4527965,0.9950783
534,3.786447,1.1350391,5.8784385,0.007975999,5.2779093,4.7084236,34.31922,0.17155352,0.050610304,0.24383247,0.37887245,1.8948271,0.4575215
535,3.7561493,1.2530515,5.760813,0.0079991035,4.8381653,5.056796,33.585793,0.23378673,0.056969047,0.24869144,0.4641127,2.175519,0.7079772
536,3.8944955,0.2795608,4.5997553,0.0151918465,5.3966885,5.0399785,34.20173,0.1727472,0.09077239,0.2631251,0.3059965,1.4563951,0.9039675
537,3.7269812,1.4857991,5.1308427,0.023212828,3.8355198,4.7211566,32.912006,0.14025587,0.21470642,0.27168494,0.30776417,4.475177,0.77550954
538,3.428844,-0.010157585,2.2649896,0.028654892,4.897193,5.8809576,34.038048,0.16518289,0.06425929,0.23856416,0.35081226,2.6306825,0.8773098
539,3.4561377,0.7090609,4.676809,0.035993952,3.7492485,5.677897,34.42591,0.19741642,0.104894996,0.17148584,0.32008567,1.5248184,0.9443156
540,3.9842381,1.254854,5.3484573,0.02201961,5.1975727,5.771962,31.145054,0.18136436,0.16195512,0.25350928,0.27606484,3.8106132,0.86820894
541,3.922814,1.138392,5.360162,0.011654774,5.007736,5.7158604,33.027473,0.11519043,0.1414336,0.30916846,0.34538555,2.5369444,0.87850595
542,4.1503506,0.7229614,3.3798733,0.018084247,4.956847,5.54897,34.094414,0.1779516,0.11130059,0.3681083,0.26982355,2.0459883,0.9059126
543,3.504981,0.37705755,3.3768477,0.031268463,4.5272684,5.2257543,32.683,0.1133374,0.16167927,0.20175992,0.2913736,3.1641014,0.84141296
544,3.9158096,0.41758776,5.324625,0.02015666,4.701374,5.7047596,35.245735,0.12251493,0.062226772,0.3120858,0.3675021,2.5475469,0.9654411
545,3.6360922,1.2548928,5.8290663,0.015110596,4.2285814,4.559583,29.584969,0.17560214,0.075843215,0.34952587,0.33937374,6.068945,0.92660433
546,4.0034266,0.9025903,7.2187195,0.019171529,4.3063555,4.797631,31.756748,0.2195481,0.08771324,0.24877068,0.44942164,6.6816697,0.9592427
547,3.644218,1.544266,7.1402307,0.011083946,4.3061724,4.4944396,30.42265,0.17503747,0.06859803,0.20863248,0.25400907,4.8465843,0.95561194
548,4.1117115,0.6512089,6.8718524,0.01741504,4.526121,4.6845937,31.632566,0.18819991,0.14486837,0.27666572,0.5717799,7.6317716,0.9747957
549,3.3722057,0.5931206,4.3795614,0.028668206,4.3558044,5.3022633,33.2128,0.10119211,0.10090542,0.25994706,0.2679638,3.0639105,0.99834836
550,3.8227878,0.48006725,5.789617,0.009117948,5.5064583,4.5017424,34.314423,0.17109382,0.1680814,0.288521,0.35773915,2.6090183,0.92926836
551,3.8170834,0.3762505,5.1976657,0.007840655,5.1116505,5.363597,32.563988,0.13805564,0.16120636,0.3054118,0.36626148,2.6983285,0.9230153
552,3.846569,1.9961925,3.2635067,0.023005094,4.321308,5.755499,32.69001,0.16309366,0.05803287,0.19388053,0.24542998,3.559925,0.7851621
553,3.6748886,0.45372725,4.8726606,0.01850701,5.17583,5.544879,33.985313,0.10047428,0.18387616,0.2334005,0.26738185,1.5632584,0.9272723
554,3.8321276,0.8050041,4.6023235,0.036664262,4.6382914,5.7596474,31.824661,0.11374063,0.080660224,0.35639164,0.38555902,3.208385,0.9990313
555,3.5869913,0.9240005,6.4197216,0.02122104,4.059498,4.558367,33.920433,0.26513228,0.18818498,0.19359288,0.34634283,1.386503,0.5600131
556,3.8886204,0.9030173,9.437311,0.0046097757,5.159049,3.880489,33.94516,0.11467953,0.20878875,0.33763334,0.29723668,3.0074608,0.99251693
557,3.7125049,0.91431713,4.355871,0.028350392,4.6672783,5.657332,32.879177,0.26046318,0.086723685,0.22949296,0.33547813,4.2909164,0.5553033
558,3.539034,-0.034513593,6.4470215,0.0207217,5.1812134,5.018797,30.638184,0.11957223,-0.011314392,0.22597715,0.22104144,5.304275,0.89354545
559,4.042083,1.2834213,4.7161775,0.010507369,4.5364304,5.7440557,34.777138,0.21404567,0.25148118,0.25345248,0.51271534,1.8203144,0.7300876
560,4.298872,2.3001714,5.737091,0.013384472,4.488121,5.38636,33.529,0.22891945,0.20666969,0.26548824,0.49452037,3.1540353,0.5291497
561,3.3727055,-0.49791574,3.8574615,0.073058754,5.0842915,5.1597185,27.869019,0.15635957,0.059571862,0.27397215,0.42089286,7.6517687,0.9812911
562,3.369052,-0.47562647,3.25414,0.052903328,4.927162,5.2735376,27.779705,0.16195674,0.055815697,0.2854385,0.322271,7.895153,0.9726925
563,4.0325212,1.6182451,3.788484,0.03771067,4.3328753,5.7954187,26.848953,0.2497471,0.14665294,0.19124962,0.34812486,8.135124,0.6611026
564,4.196643,0.3793366,3.4913006,0.030536251,6.0514565,5.2857966,25.194324,0.1759924,0.11945665,0.23358023,0.31288698,8.662242,0.99342453
565,3.6069827,0.78199506,4.912781,0.032165118,3.5664454,5.062768,31.739561,0.12644948,0.049902916,0.295499,0.28746033,5.3102684,0.5055415
566,4.084771,0.40277934,4.9073224,0.020858407,5.3648386,5.406161,33.93965,0.22240245,0.21825469,0.18690515,0.3578875,1.8261569,0.9085299
567,3.397818,0.73588157,5.746842,0.012879633,4.0085325,4.3826494,35.077805,0.2098886,0.17374682,0.17333323,0.31749257,2.233461,0.8609234
568,3.8011432,0.9702053,3.1094723,0.020914573,5.3626556,5.8297973,32.38459,0.1133418,0.10261834,0.31796584,0.32935667,4.7878084,0.87523836
569,3.7604394,1.0553727,7.1415205,0.01353127,4.000038,4.8493366,34.220963,0.13325346,0.068855405,0.31192058,0.39501846,2.858982,0.84337986
570,3.2968845,-0.018779755,4.325059,0.049079057,4.135312,5.52863,33.031506,0.21424311,0.18287134,0.19249558,0.26164877,2.2560444,0.9306128
571,4.0444717,2.1347952,6.690409,0.0126760695,5.073737,5.3495817,32.70748,0.2305395,0.10921693,0.14664899,0.22492193,1.4001955,0.81434685
572,4.3650503,1.3642752,5.182071,0.004112973,5.521432,4.991743,34.388626,0.24050865,0.14922464,0.1504934,0.34648582,2.9324274,0.77601576
573,3.178297,-0.4734038,3.2584743,0.07808878,3.1641388,5.9020586,35.185707,0.18836755,0.117637634,0.24840468,0.2213569,3.7849104,0.78802997
574,4.498849,1.512536,7.259692,0.002889192,5.300205,4.0385838,33.969776,0.15374555,0.13417542,0.27867842,0.23884542,4.1978536,0.9111796
575,4.0105476,1.1343918,6.4018717,0.015033327,5.0012064,5.0263634,32.143177,0.11372391,0.15618658,0.31375954,0.22167622,3.0864315,0.9414774
576,3.6365266,0.60697913,5.176427,0.028018035,4.5246134,5.1866746,32.469612,0.16609277,0.098752975,0.19595337,0.312706,1.8166486,0.7884464
577,3.743709,0.5696912,5.679523,0.010176496,4.7708626,4.670372,35.00355,0.21445999,0.04475367,0.17096889,0.32908645,2.122333,0.92245626
578,3.859417,0.96620154,3.7967825,0.05651468,4.6223736,5.66083,27.103878,0.111539274,0.16644299,0.2643249,0.2830321,8.06738,0.66280913
579,3.841805,0.850549,4.828249,0.028031299,4.623479,5.161384,32.08178,0.17927976,0.097447515,0.25442702,0.40719336,3.4167435,0.97073865
580,3.5989394,0.80489445,4.8977003,0.041830674,4.6187687,5.5020137,31.17809,0.15673988,0.14651048,0.28855038,0.39108038,4.8635926,0.91532445
581,3.7880583,1.0019269,8.540094,0.0076422133,4.527007,3.7392287,35.499493,0.13228521,0.1291374,0.2335577,0.2823581,1.371275,0.9142166
582,3.8970194,1.6943703,2.4680307,0.028050667,4.58943,5.928444,32.216583,0.1854662,0.118928194,0.22418955,0.33205828,4.9977155,0.9440092
583,3.702599,0.4387052,4.7955675,0.0259792,4.4899883,5.530478,34.293327,0.14894083,0.15440106,0.27582955,0.30535135,2.30263,0.80017155
584,3.314695,0.6403141,4.9782124,0.03480833,3.8538036,4.8179297,33.88557,0.11798709,0.0892005,0.26848093,0.2674544,4.6057267,0.8346611
585,3.8329372,1.3052626,4.462862,0.013127393,5.1946316,5.5581446,33.66996,0.13654006,0.15744805,0.2726227,0.31272188,2.6790671,0.9518317
586,3.8616738,0.13309789,4.6329556,0.018509176,5.071069,5.206142,34.098564,0.12445463,0.16792655,0.24491152,0.31143054,1.3287573,0.8576848
587,3.4876742,0.2644136,4.939513,0.019720335,4.2071304,4.86868,34.166706,0.15941021,0.1717745,0.2845186,0.28770337,2.0884852,0.80753213
588,3.8910441,0.29903722,5.2613244,0.015516485,5.2705364,4.9340363,34.501457,0.19536948,0.13256991,0.22120133,0.30700845,2.285367,0.90533483
589,3.9214878,0.85750866,4.7579327,0.017318102,5.3211164,5.553905,32.177807,0.22648808,0.1613239,0.22637227,0.3288923,4.0651135,0.9659047
590,3.8137121,0.10328984,4.4242253,0.01611096,5.0802145,5.627568,34.213802,0.10999978,0.060646296,0.31772256,0.2906446,1.6672354,0.83554274
591,3.9072938,0.36781216,4.6274905,0.021432789,4.8396006,5.5486364,35.497757,0.21529807,0.065104604,0.23971498,0.32370353,2.1846762,0.78285474
592,3.6874642,0.19491339,4.1615148,0.019227155,5.0751686,5.59274,34.138256,0.19774693,0.101237774,0.23609725,0.32785088,2.6182284,0.7316457
593,3.6982093,0.6103971,5.9533873,0.016340028,4.7503757,5.186735,32.612984,0.17786552,0.09360814,0.23792297,0.32401097,3.4484015,0.99008685
594,3.9970102,1.3274968,2.9183397,0.017372303,5.1458225,5.7109556,34.036118,0.13937113,0.15533042,0.28802887,0.30704534,2.5143564,0.99223316
595,3.3977218,0.48128414,7.356717,0.009851744,4.3006506,4.3297796,33.490448,0.13037476,0.1199944,0.271615,0.35505384,1.032073,0.94856083
596,3.9992237,1.5917897,3.9219995,0.018836848,5.4274445,5.7244463,34.290688,0.19494662,0.13447833,0.28850994,0.26499432,2.0498962,0.738527
597,4.046892,1.3413033,3.6436768,0.013989149,4.7976017,5.8760214,33.154118,0.16227598,0.10335791,0.25967216,0.23425648,1.8494117,0.88770103
598,4.0092783,1.2228928,3.3974404,0.014780795,4.6806717,5.866063,32.46773,0.13513772,0.121943355,0.26027933,0.23825814,2.0087538,0.85167205
599,3.9793983,1.9308515,3.3122196,0.020795131,5.88266,5.888953,33.856358,0.22718373,0.13661206,0.25931922,0.21812715,3.5280392,0.82537425
600,3.944366,1.7695818,2.9998784,0.01449118,5.2358894,5.7724466,32.30856,0.16987953,0.11880052,0.26542437,0.2537657,1.9275943,0.79699725
601,3.9913735,0.536572,7.1165447,0.00860069,4.36364,4.001523,32.362522,0.10783923,0.16076064,0.36539736,0.30524987,4.435762,0.89714664
602,3.9345832,0.77251124,6.7145224,0.00727769,4.4012947,4.0433598,32.06525,0.10997223,0.1649524,0.386668,0.30740076,5.373063,0.9159692
603,3.6242332,1.8074956,7.49589,0.01625069,4.3474865,4.4843636,33.958244,0.13727298,0.17560136,0.27606088,0.3099784,1.9894909,0.8369783
604,3.5805807,0.2771349,7.930685,0.0072966754,3.4073334,3.2493649,33.861076,0.17389628,0.13376057,0.3099931,0.345441,5.0164165,0.9196345
605,3.787786,1.053457,9.078915,0.010137401,5.101571,4.2136803,33.748596,0.13659449,0.1303457,0.28589764,0.2338023,2.4632878,0.86008704
606,3.320588,-0.45361388,6.2625914,0.015236962,5.1186237,4.152994,33.91602,0.17480841,0.12270367,0.21951118,0.40141422,3.1120098,0.90263414
607,3.940278,2.7509146,3.5492306,0.016249662,4.7655315,5.951435,32.14218,0.14282139,0.1076802,0.30237806,0.30272794,4.5068727,0.760652
608,3.3420982,0.3628528,3.786673,0.025986621,5.4390545,5.2428274,34.663578,0.16255116,0.13288665,0.23730716,0.3382733,2.521431,0.9657304
609,3.3632374,-0.31631553,2.5496032,0.025934353,5.392473,5.2686176,32.84456,0.28697744,0.19116557,0.25470138,0.35475725,2.8996665,0.97091955
610,3.9743562,0.6635895,4.9678926,0.028564474,4.3589067,5.835515,34.354134,0.11905111,0.10147834,0.2392284,0.3715185,3.5022743,0.9331363
611,3.9592538,1.0427942,3.110581,0.025128528,5.225643,5.6341124,30.922667,0.123670466,0.1305368,0.22046115,0.28401768,5.594977,0.9801947
612,3.8977766,0.96792865,3.2725677,0.03848123,5.331934,5.738757,28.113285,0.2822625,0.21659362,0.17511643,0.46423817,7.1003838,0.9916854
613,3.7684264,0.6341839,8.110266,0.015912022,4.2621126,4.0318418,28.821674,0.12431278,0.1314019,0.35403287,0.37144005,7.7151537,0.9987124
614,3.6746392,0.4123237,3.9336011,0.025631802,4.8398695,5.956422,33.447723,0.1584821,0.03420949,0.20735587,0.3052039,1.5732427,0.81980485
615,3.604466,2.2083526,3.1221952,0.02672278,3.551921,5.90326,32.7571,0.12634172,0.1362505,0.28735656,0.3335063,3.2410264,0.8699229
616,3.8099513,2.0247579,4.563527,0.028585587,3.7347393,5.774564,32.867764,0.18974775,0.16473126,0.28533617,0.32802293,3.357911,0.91985255
617,4.2521257,0.55619526,6.479306,0.008415233,5.455886,4.607092,34.085,0.10477106,0.08503187,0.26377794,0.32742316,2.820104,0.85146755
618,3.8845153,0.8664546,6.8487926,0.0092681805,5.5338364,4.8313246,32.29928,0.10488626,0.0976938,0.2769883,0.33341837,2.2757196,0.37206966
619,4.126774,0.84580326,4.193757,0.016483705,5.019972,5.7571297,33.87223,0.15180571,0.1184752,0.29041415,0.3227582,3.016451,0.9990973
620,3.7680411,1.5699477,4.8098183,0.014304614,4.436901,5.203168,34.2216,0.18136603,0.1018281,0.29148358,0.34657943,2.752532,0.9827551
621,3.9374108,1.5937147,4.2841086,0.015083193,4.685066,5.501417,33.169052,0.17533052,0.22289515,0.24157637,0.35146558,4.3801055,0.9087546
622,4.054942,2.0971327,3.7011657,0.020949531,4.4826717,5.768242,33.940132,0.15742274,0.12304759,0.2518613,0.31639108,3.464823,0.83916044
623,3.5172668,-0.76488817,4.7711277,0.023768812,4.7088137,4.829707,33.96705,0.23004672,0.094812274,0.2362051,0.25664294,2.6643043,0.804466
624,2.9703088,-0.5913595,3.5257893,0.06296945,4.6731462,5.8291035,36.1461,0.12513179,0.12547374,0.25557587,0.5440487,1.8343726,0.79233944
625,3.1536975,-0.28484333,2.6207843,0.0524602,3.691475,5.639492,32.788475,0.20737167,0.1340754,0.20552635,0.34512755,3.2756681,0.6729894
626,3.3300114,-0.03754735,4.752038,0.048695076,4.1403255,5.506485,35.30758,0.18836302,0.1513958,0.22485012,0.25794685,2.8967624,0.86192405
627,4.24979,1.6398773,5.1955585,0.0068097473,5.0614405,4.8663807,31.970325,0.13884248,0.07445061,0.2811101,0.30080542,5.0074577,0.9221253
628,4.1460733,3.4643512,5.3368454,0.012091502,5.888422,5.442974,33.587265,0.11682025,0.16490996,0.28604093,0.35249692,1.762785,0.8307947
629,3.6954951,3.20497,6.189165,0.0066343877,3.6174679,4.582863,33.47458,0.15978582,0.05197966,0.2573901,0.29610384,1.1057669,0.851742
630,3.7691374,3.296586,4.9696054,0.020297427,4.018406,5.2416906,33.079338,0.12310119,0.09358239,0.3090066,0.24443236,1.1011573,0.89908165
631,4.0494595,2.2530856,5.658163,0.0087015815,5.2920494,4.7759857,32.899273,0.14643575,0.1920619,0.2495335,0.42494014,1.1979047,0.8249549
632,3.9588046,1.8524427,5.2371187,0.0095771765,5.2990637,4.725516,33.000107,0.13095602,0.1908524,0.2627094,0.3926108,1.2554054,0.75379944
633,4.1250935,0.8850899,3.887304,0.0142507255,5.05002,5.646558,34.316288,0.19293404,0.24826694,0.1791485,0.28592908,2.3601246,0.7707761
634,4.0787086,1.3884478,4.1379986,0.016315268,5.6889715,4.8770304,33.520134,0.115852825,0.09520173,0.34294826,0.3069541,3.2720778,0.8423527
635,4.0169525,0.31500173,4.369918,0.021952534,5.562065,5.898638,29.732035,0.10456261,0.15948975,0.22214398,0.28865147,6.1597204,0.6620474
636,3.7822895,0.46645164,3.6452737,0.052476823,5.0962067,5.902014,29.425343,0.10792597,0.18294084,0.2065477,0.2868656,5.741972,0.47202164
637,3.747819,0.25023317,2.611008,0.029947948,4.4566727,5.608371,33.003975,0.117624536,0.23767853,0.2720585,0.27028713,5.7403274,0.9170148
638,3.6544995,3.0402489,4.4061894,0.01723768,3.7581177,4.798666,33.236862,0.177552,0.054113746,0.27757722,0.37692073,3.6488903,0.85623354
639,3.600247,0.052438498,3.9381418,0.016379492,5.065052,5.730683,33.44181,0.10684958,0.18941236,0.23225659,0.21683568,3.5481002,0.89819974
640,4.01412,2.3260694,4.259505,0.028910112,4.5630503,5.3305626,30.937279,0.10122826,0.11105895,0.305525,0.20545927,4.78137,0.8887259
641,3.6165056,0.8223388,5.2358103,0.014443603,4.088934,4.721408,35.87201,0.18943916,0.106741786,0.22991776,0.22623363,2.023489,0.919961
642,3.7497435,0.6933243,4.5211754,0.026593614,4.521057,5.5826864,30.241573,0.11224619,0.21576035,0.28473496,0.46515584,6.7947617,0.9436314
643,4.1151514,0.8015735,4.8518524,0.020910963,4.781766,5.2369347,33.68477,0.10567513,0.18491149,0.29451758,0.49367952,4.3951826,0.8551342
644,3.5448656,0.86352444,4.206752,0.020096691,4.517646,5.356658,34.808147,0.12353878,0.06706524,0.27223027,0.22220327,1.6915798,0.7510862
645,3.5063367,0.20320916,6.554371,0.02117423,3.3705006,4.7576637,33.392395,0.103973545,0.1318618,0.2854847,0.2562679,3.5103867,0.8254277
646,3.567048,1.5409431,3.4395626,0.020602778,4.2206,5.5799065,33.128098,0.23915729,0.15117002,0.29302475,0.3828984,2.1703982,0.93420243
647,3.889296,0.37344694,5.92757,0.012859837,5.392254,4.823702,33.02498,0.105140895,0.13710546,0.28605038,0.241752,2.824923,0.7760887
648,3.7081676,0.2265122,5.695713,0.019896151,4.869198,5.2120214,32.877026,0.10862449,0.08962023,0.29836202,0.3318304,3.7796884,0.8288853
649,3.7429523,0.9737773,3.760685,0.02831025,4.0459538,5.7230234,34.253853,0.20666207,0.132519,0.30600604,0.33785924,2.649696,0.8871998
650,3.6692429,0.73882556,4.14673,0.031878226,4.150157,5.743212,33.298203,0.14179042,0.2090689,0.25980377,0.31587833,4.2454433,0.7683181
651,3.5004797,0.14470482,3.551322,0.026274333,4.83982,5.6005583,34.216885,0.10377263,0.13888538,0.28302458,0.4405258,1.1305524,0.8509052
652,3.6210322,0.8595607,3.958387,0.02456339,4.266569,5.54095,33.512756,0.1181383,0.1138047,0.3075821,0.24853888,1.1466452,0.9229288
653,3.5971732,0.45753694,4.0636353,0.025569033,3.8094406,5.402042,34.600533,0.204451,0.11979258,0.22583747,0.37200534,1.3069772,0.80389744
654,4.0160637,1.0436466,5.848667,0.014210497,4.697113,4.9210224,32.935577,0.10209454,0.14595878,0.26018265,0.34021384,3.055264,0.99043125
655,3.8415537,0.6402309,6.19003,0.017298985,5.036295,5.1361065,32.865837,0.19563544,0.11544764,0.32725048,0.2132176,4.2201886,0.730921
656,3.939786,0.6873548,5.407405,0.013200113,5.148638,4.965167,33.339874,0.13401216,0.102347374,0.34241468,0.2053717,1.9080768,0.8012982
657,4.25863,1.0544395,7.2881126,0.0072371857,5.1320686,4.578038,33.744873,0.16937846,0.15067744,0.40760425,0.20368429,3.5211394,0.6277286
658,3.656973,0.042081594,7.124486,0.010226473,4.1184416,3.9554496,32.764492,0.114959896,0.11139369,0.18637888,0.55677253,5.6837173,0.95188636
659,3.9964356,1.9110405,3.1178627,0.014548679,4.987032,5.8587503,33.29484,0.29740295,0.17802942,0.18712494,0.22243503,2.249818,0.9227563
660,3.705791,0.42312074,4.249547,0.035705436,3.8414764,5.87984,34.79303,0.13762724,0.07634699,0.23031431,0.39350286,4.3535357,0.5994184
661,3.7070222,0.15040898,3.5331511,0.025475541,4.0431643,5.8552175,35.47881,0.13488522,0.058211565,0.25465682,0.44559938,3.2988532,0.70272905
662,3.899004,0.697819,8.243598,0.003804937,4.4248295,3.9008515,32.912903,0.20213795,0.21035409,0.20285024,0.31697655,4.806456,0.98739487
663,3.5268412,0.58336306,2.9798207,0.029221263,4.560192,5.8727865,34.367958,0.109104715,0.079102635,0.32806844,0.45630896,1.2651279,0.6763551
664,3.912417,1.0130463,6.098402,0.011975656,4.9585924,4.17939,30.621555,0.26416358,0.1735692,0.15132965,0.23851398,4.7399864,0.92589414
665,3.7693677,-0.35115635,6.139722,0.025418362,5.4427032,4.666116,31.064861,0.13283545,0.09869981,0.19461212,0.3927011,4.709972,0.6756471
666,3.7565284,2.9846654,3.2636583,0.0124010295,4.504776,5.5177217,34.499218,0.1045464,0.20199084,0.30748814,0.3967011,2.8936892,0.9296992
667,3.8481307,3.1774235,3.3086007,0.013250258,4.750082,5.564212,33.359406,0.10492955,0.19565737,0.31307027,0.36843842,2.8433828,0.9089835
668,4.097501,0.1359353,6.131999,0.024390077,5.193413,5.1645756,33.692368,0.2606423,0.08948922,0.26478288,0.2466051,3.0257862,0.76594675
669,3.8673325,1.4721756,3.758185,0.010756132,5.7380304,5.6264963,33.670094,0.1254511,0.098763704,0.21006614,0.41617763,2.2901187,0.90579814
670,3.725254,0.7805805,7.025295,0.008633074,4.1744633,4.1248198,32.80273,0.108134635,0.15256429,0.3091692,0.24527168,4.4829435,0.88675857
671,3.8763943,3.2357273,6.3462753,0.011071545,4.319664,4.95253,33.486538,0.101967804,0.09590137,0.33383268,0.27216327,1.9324193,0.87619597
672,4.038369,0.7778878,6.1976166,0.012861253,4.6918373,5.192042,34.875282,0.11479299,0.054991364,0.3353455,0.35974756,1.4473319,0.7993453
673,3.7235026,1.3113034,6.2994876,0.022765469,4.6760197,4.7393684,30.650976,0.14353806,0.2192694,0.2358723,0.23114075,3.187993,0.96491474
674,4.432189,0.96908927,4.8889832,0.025112612,4.9357166,5.2341413,28.193558,0.12369605,0.037365437,0.27485955,0.33250976,9.892752,0.9459734
675,4.3307247,1.172632,5.074454,0.022721818,4.9805117,5.403595,28.353636,0.13778695,0.05166185,0.272534,0.33983818,9.894739,0.9327254
676,3.5674472,1.1870182,4.266119,0.018683879,5.1844215,5.2190347,34.960594,0.15205258,0.21355462,0.23789638,0.31525856,3.6855812,0.76973796
677,3.9293427,0.97120523,3.8067245,0.016067736,4.276211,5.5676684,32.427174,0.20426925,0.24970639,0.25937524,0.34876674,2.5711348,0.4688736
678,3.733879,1.1912155,3.4894109,0.020903632,5.1345167,5.640789,35.01889,0.12258239,0.21647215,0.20719719,0.23252657,2.7237494,0.8961393
679,3.8765655,0.13569951,4.228116,0.04417714,4.9684954,5.543188,29.153976,0.15149605,0.117639184,0.31060514,0.49352014,8.904461,0.9308798
680,3.8028646,0.45670366,3.467085,0.033713173,4.5727386,5.851281,32.82464,0.1800892,0.1752311,0.24260503,0.25951135,3.1871061,0.94831645
681,3.4763055,1.1944759,3.5266092,0.030075433,5.023258,5.5850573,32.742905,0.15972123,0.12926126,0.31848732,0.41978335,3.0943987,0.886371
682,3.7614264,1.3152959,3.6480885,0.027045246,4.5786486,5.5960503,34.94268,0.18550465,0.157377,0.2927736,0.44038057,4.098633,0.71520746
683,3.4181557,0.12440133,6.008908,0.014831189,4.827265,4.7779913,33.563625,0.10574515,0.13149786,0.2729824,0.2347214,1.1463953,0.8373169
684,3.4997692,0.40571547,5.449663,0.024502821,4.117388,5.300725,36.32836,0.19889733,0.14118564,0.2801166,0.42116106,1.0701991,0.9537186
685,3.4794173,0.29870033,6.991889,0.011982227,4.7567797,4.4286633,33.337784,0.10738421,0.1281395,0.2808188,0.20369785,2.3454125,0.93056315
686,3.4810557,0.38126802,7.188918,0.014873344,3.8779364,4.069876,34.849,0.10444379,0.14690459,0.32860202,0.20057729,2.3467002,0.9021047
687,3.6198196,0.5875869,5.281479,0.01739577,3.8889618,4.615354,33.206554,0.21625796,0.17880392,0.23328125,0.212909,2.5928469,0.8152979
688,3.639058,0.16196752,3.5744772,0.026295688,4.6362486,5.3925853,31.69875,0.11294135,0.18130004,0.29498267,0.29541862,4.2483196,0.68700194
689,3.5378704,0.16142082,3.5972085,0.022818403,4.4102564,5.6616335,32.89985,0.10872618,0.19697988,0.3648712,0.26104498,4.150257,0.80017143
690,3.6657043,0.07098794,4.0989137,0.024360392,5.0772,5.9173765,30.717442,0.11900546,0.11588943,0.21778595,0.28198904,4.7616386,0.8871055
691,3.7701917,1.8182046,6.2842426,0.01282244,4.875496,4.932272,34.57267,0.11858694,0.15430033,0.25318193,0.24076363,2.235234,0.99005556
692,3.8847246,0.29291534,5.588782,0.03411419,4.496585,5.2935786,33.849495,0.12773809,0.13563836,0.3079202,0.4670754,3.6497457,0.9938472
693,3.6692848,0.07605505,3.8560874,0.017319757,5.3192635,5.324442,31.420033,0.1642639,0.17309856,0.27091664,0.45423406,6.4766536,0.97938406
694,3.9100351,1.9607775,5.245084,0.025354574,4.364193,5.262204,31.966003,0.10777236,0.13762343,0.27264044,0.3015704,3.916255,0.9967654
695,3.9055567,0.5853317,5.8126707,0.014300723,5.4766235,4.6528687,33.75415,0.20971766,0.1113075,0.28819492,0.35540056,3.3971894,0.9121001
696,3.9868836,0.6934955,4.743237,0.012127263,5.0924215,5.322314,32.539227,0.1518938,0.20510519,0.2241815,0.32547668,2.6596804,0.8470437
697,3.9228544,0.6760013,4.8754673,0.017214946,5.1685486,5.1917152,33.69123,0.14911236,0.18983877,0.23927271,0.31732202,3.817292,0.8858039
698,3.7072453,0.6884036,5.0316677,0.02796371,4.769988,5.0672646,31.603146,0.13567509,0.15973449,0.31089863,0.31660926,4.785736,0.7555595
699,3.6968408,0.65200853,4.515134,0.03057843,4.6617317,5.1219482,31.093796,0.12104547,0.13591826,0.27048278,0.3239714,5.4811134,0.83633125
700,3.6814466,1.6331589,4.125173,0.024961524,3.8971786,5.668815,35.866367,0.10360869,0.15771687,0.30501187,0.302101,2.2415645,0.91977507
701,3.7056007,-0.11511314,2.5543785,0.06918216,5.659732,5.987431,28.791832,0.15003482,0.13220203,0.2605621,0.33467573,7.573076,0.8681059
702,3.9086313,1.5958917,3.1515064,0.015173257,5.0783176,5.9976482,34.018494,0.17466673,0.1799972,0.27937338,0.30196467,1.620491,0.7885471
703,3.2464108,-0.11641538,3.2288775,0.035418697,3.7951937,5.9997735,34.59559,0.16742675,0.07501459,0.23951119,0.29520595,1.98797,0.8040245
704,3.6639,0.5767977,2.662828,0.036294427,4.3523846,5.9985275,32.559998,0.17934683,0.09599078,0.25512633,0.24053767,3.484091,0.77320445
705,3.8872952,0.94094324,3.1157348,0.024060113,5.0838814,5.9989033,32.139477,0.13248223,0.1299119,0.22903171,0.3192067,3.6388445,0.84780645
706,3.5705872,0.5669441,2.7862458,0.031877737,4.1364136,5.1381273,35.82763,0.11515691,0.17351818,0.2628863,0.3041513,1.7507492,0.821628
707,3.5301614,0.46222305,2.8821943,0.029019302,3.9939737,5.6637707,33.877888,0.16106564,0.18737328,0.29648456,0.40578264,2.256084,0.6997514
708,3.6389031,-0.07429695,6.112059,0.020806957,4.7176733,4.620553,32.69134,0.14065199,0.17577755,0.20024997,0.25073048,3.4884696,0.8998175
709,3.5712705,0.12805963,5.5874386,0.01979849,5.042926,4.87741,33.53096,0.23317572,0.19215822,0.21080601,0.2534295,2.4602423,0.8338519
710,3.6736817,-0.18708599,5.4332333,0.015474279,4.356208,5.0431156,34.840923,0.1522589,0.14212632,0.2300733,0.25429758,2.456684,0.7778396
711,3.6749701,-0.045383334,3.9856992,0.019649308,5.438011,5.587206,33.676834,0.13965772,0.13476133,0.27613547,0.34648034,3.8580089,0.9442543
712,4.044239,0.19550562,5.083865,0.013111106,4.8065205,5.3413315,35.37309,0.20439756,0.16761303,0.2638683,0.37462986,1.8966582,0.87417924
713,3.321608,0.441926,5.600087,0.019372316,4.655422,5.508058,32.954056,0.11692922,0.17173147,0.26566002,0.26241013,2.831334,0.8886882
714,3.4863868,0.027324677,5.040085,0.02288507,4.480915,5.0275164,32.700256,0.11537025,0.18090439,0.28916043,0.27292717,2.4024587,0.876944
715,3.6841345,0.6964934,6.144516,0.020983992,3.9794579,5.124338,34.462364,0.14335696,0.11622441,0.27956572,0.3276701,2.7482338,0.8690516
716,3.508007,0.16301966,6.1596923,0.011714421,4.5149117,4.17297,34.311203,0.10489612,0.16725695,0.2422257,0.30099195,2.3376904,0.88320684
717,3.68643,1.311871,3.0801873,0.033290487,4.1502867,5.8458886,32.462616,0.10566384,0.09325862,0.31884983,0.33598167,4.845804,0.85439557
718,3.4897852,0.14173532,4.290103,0.069469996,3.9226494,5.884241,29.379484,0.10365561,0.062489033,0.33776182,0.22254297,7.239044,0.75140065
719,4.067086,1.3580353,5.5450506,0.014661713,5.3166676,5.640568,32.03735,0.17945611,0.13529623,0.24362549,0.43306804,4.5397396,0.9867337
720,4.039135,0.6514125,5.391024,0.017686691,5.0603886,4.78139,32.742268,0.18884975,0.14617348,0.23937017,0.35713035,2.6639886,0.97732234
721,3.9635286,1.1640329,5.414039,0.012202297,5.227497,5.3105984,32.353954,0.16825236,0.14082468,0.2283684,0.41235638,5.9633174,0.98623586
722,3.7421322,0.42935848,4.4401436,0.022027176,4.608448,5.7677755,33.776302,0.114248104,0.14423418,0.21682039,0.24938399,1.2325128,0.8843423
723,3.8218775,1.2738049,3.9920325,0.019977285,4.703739,5.7098684,33.50727,0.2255021,0.18185401,0.26280403,0.47202486,1.1668972,0.93101716
724,3.8288984,1.0203474,3.82314,0.021960404,4.610756,5.890424,34.44553,0.16113816,0.21436608,0.2628876,0.42272425,1.3142631,0.96858984
725,3.6655703,0.53590775,4.034257,0.01727916,4.612113,5.6124287,34.790817,0.14399718,0.25296474,0.22009763,0.5208828,1.5004052,0.891998
726,3.7955537,0.39540243,4.265782,0.020545332,4.676652,5.51363,34.32731,0.17556995,0.23032033,0.22914106,0.453108,2.2053666,0.78089577
727,3.7446322,0.48293877,5.0985565,0.019944087,4.3593464,5.0855,32.110065,0.13936381,0.0824883,0.23841292,0.42886,3.589965,0.9185141
728,3.8229427,1.1686056,5.760474,0.027535455,5.2136955,5.0581636,29.373262,0.16989806,0.14451683,0.22603601,0.24006495,6.3259397,0.71887845
729,3.5460176,0.586282,4.940997,0.022155326,4.9450912,5.0506897,35.594284,0.117416784,0.12173498,0.29485714,0.23167998,2.2726655,0.79582334
730,3.87702,1.9885287,5.997533,0.00417981,4.459567,4.5664454,33.202774,0.2502521,0.15639424,0.16366372,0.2919355,2.2276168,0.9201305
731,3.3150244,-0.026287079,2.0130234,0.09143905,5.1127434,5.7801886,30.843393,0.106743135,0.14959168,0.28334147,0.28722247,5.0819955,0.73616266
732,3.905549,1.8917613,4.766803,0.017194025,4.1663666,5.907142,32.834,0.14928302,0.1186949,0.24452084,0.39335915,1.45419,0.97971183
733,3.9206276,0.657202,4.7137413,0.024933511,5.133869,5.40502,30.625881,0.12536848,0.15126836,0.33353525,0.27439126,3.257148,0.6581332
734,3.8113132,0.88474584,2.3642,0.07148595,3.939371,5.888903,29.218006,0.19893974,0.09443462,0.20480822,0.3216889,9.819379,0.98903793
735,4.0308857,0.7650163,4.1780977,0.017631253,5.6241226,5.3013535,31.594482,0.1179533,0.13744462,0.31378365,0.21283536,9.082489,0.81367576
736,4.255192,0.90920496,4.3788652,0.03200256,5.121993,5.4192114,29.667934,0.10640538,0.19363308,0.2661651,0.4251755,6.7582846,0.82972735
737,3.829019,0.77365065,5.2118206,0.019846044,4.207571,5.3448844,35.435257,0.16021892,0.13508403,0.24176502,0.24395338,1.6990591,0.88707584
738,3.7283835,1.7014256,4.6975765,0.021300748,4.953967,5.122451,32.840286,0.111831255,0.16634846,0.29965147,0.43448526,5.185674,0.88704574
739,3.735917,1.1083205,4.5425024,0.022838263,4.5548077,5.0516896,32.588673,0.10616421,0.1722275,0.3399719,0.44905967,4.70959,0.8929914
740,3.7481742,0.7903044,4.5335145,0.020964986,4.4826164,5.0700226,32.316917,0.10602377,0.19199228,0.31682038,0.4244969,4.7072716,0.9328933
741,3.9837275,1.4761102,4.5794888,0.012952256,4.60079,5.4590225,33.68978,0.10503316,0.10294306,0.27509725,0.25828695,1.5742185,0.961523
742,3.6456742,0.21227002,4.1996794,0.04108517,4.747876,5.2346015,31.535751,0.20543903,0.16602588,0.21686503,0.3158747,5.7670927,0.7514655
743,3.882874,1.2449837,3.6775975,0.019756077,4.908478,5.9184246,34.4085,0.15592775,0.028388262,0.26650044,0.36498666,2.1882854,0.97915375
744,3.9540691,1.3409977,3.732128,0.019245017,4.7100887,5.9261265,34.25128,0.17795214,0.021060348,0.2882899,0.3329289,1.8706386,0.98634326
745,3.2668576,0.3614626,6.4672956,0.019903857,3.650959,4.3954525,31.536982,0.11507817,0.11486733,0.25736234,0.35992453,5.116615,0.827837
746,3.891612,1.1468797,5.5963373,0.016404618,4.3874187,4.8855453,34.082443,0.14611304,0.17181718,0.29536712,0.24914166,1.9368514,0.9368606
747,3.5981736,1.7947359,5.5208035,0.019652536,3.4826965,5.2474384,33.613583,0.15632069,0.13019288,0.25180984,0.31898996,1.7729187,0.9037713
748,3.8748617,-0.10096216,4.7245016,0.013809781,5.2916546,4.7302237,33.618954,0.2328268,0.10379386,0.26463544,0.2969722,2.4122171,0.8978402
749,3.6823134,0.23779273,5.8634243,0.020258518,5.5232754,4.8311357,34.69658,0.10944049,0.088897586,0.27338028,0.24626657,2.8775759,0.7553314
750,3.7341795,2.0458965,2.974337,0.017263362,4.4556627,5.702486,33.730824,0.124249645,0.1397965,0.26176044,0.24526441,2.1725683,0.78922486
751,3.8710852,1.7276239,4.9555683,0.019649556,4.148041,5.392497,32.321976,0.128547,0.12551117,0.31489748,0.47513175,1.7192931,0.9687326
752,3.822641,1.27351,3.6906853,0.017361041,4.8962965,5.5331597,32.440575,0.14140089,0.089342594,0.2989901,0.36137742,3.3548717,0.8588929
753,3.5866137,0.69088554,5.470475,0.018660119,4.2739716,4.893963,35.537415,0.19767672,0.09675443,0.2841312,0.2278784,2.0895936,0.7743193
754,4.0546255,1.5223587,4.762653,0.0334641,4.54216,5.667801,30.884974,0.10416248,0.1314342,0.25617266,0.23284437,7.7536693,0.90906835
755,3.5040846,0.07559252,5.230525,0.024832612,4.199342,4.9334807,36.102215,0.21413834,0.13178802,0.27463368,0.25735676,1.779846,0.89383525
756,3.4543076,0.112347364,5.3872986,0.026726484,4.178338,5.1089315,35.75353,0.19449657,0.11664271,0.29509702,0.26758513,1.7788862,0.85845625
757,3.389545,0.74880266,3.8150518,0.039982334,4.0692987,5.649787,34.26448,0.119916275,0.098296165,0.23440877,0.3683737,1.0992872,0.9179564
758,4.043975,1.0176625,5.2724915,0.020652603,5.246971,4.9423113,29.607677,0.11357787,0.18459487,0.30328292,0.33136898,4.5496635,0.9088469
759,3.4739532,0.5425787,4.772526,0.02593313,4.199209,5.356922,33.59678,0.20040041,0.082897425,0.24950796,0.33320838,1.210642,0.89187235
760,3.554196,0.8402016,6.1842203,0.014569792,4.3605556,4.497254,33.6474,0.12712926,0.10730612,0.26874965,0.3325434,1.5018933,0.98493457
761,3.9150095,1.0466733,5.1124663,0.016284112,4.7595787,5.286542,34.34075,0.13346247,0.14704716,0.29213545,0.35749108,4.7214108,0.8700059
762,4.2475433,2.4419537,5.6173916,0.008666309,4.6431627,5.0889626,32.41938,0.19451025,0.1460861,0.3178188,0.34609684,2.4342418,0.95906895
763,3.8559604,0.6853671,6.310157,0.01255626,5.275982,4.781743,33.571125,0.11070343,0.18117487,0.24836347,0.2021859,2.3882766,0.91047287
764,3.4466338,1.6467488,4.916753,0.023756007,3.632368,5.453209,33.61405,0.1209732,0.06824672,0.331233,0.20605227,1.1180799,0.6221083
765,3.5335836,-0.013834238,3.421504,0.03360355,5.0792503,5.305073,34.059616,0.102117844,0.05760777,0.28384787,0.26519066,1.1437694,0.770639
766,3.7936063,0.924865,5.443333,0.023244258,3.4198685,5.157629,34.535435,0.27851203,0.16287267,0.24774653,0.3071735,4.009899,0.87639165
767,3.7861047,0.058562994,5.069846,0.017628295,4.901824,5.7400017,34.171005,0.101892404,0.09371662,0.30505168,0.3706037,1.2242926,0.9068135
768,3.1197085,0.5450604,2.3738523,0.046962235,4.3115654,5.2192535,33.97117,0.10310785,0.15571368,0.25107035,0.29277962,3.156601,0.8059552
769,4.167061,1.6640074,5.839777,0.018406067,4.376995,5.702987,33.740128,0.102855675,0.12785304,0.31319767,0.34677738,4.797394,0.8240094
770,3.9938078,0.21030068,5.9214745,0.017218957,4.46362,5.6710644,34.146103,0.1997658,0.09334946,0.21225443,0.36415935,1.2911074,0.94403964
771,3.9071903,0.9109781,4.1928635,0.014540715,4.900264,5.1368876,34.03877,0.15253001,0.168661,0.25945616,0.27547094,1.4159495,0.9564142
772,3.9887643,0.39007902,5.563661,0.012569564,5.2636337,5.2150984,34.08805,0.19709426,0.17986405,0.2723246,0.3315127,4.1852384,0.98542374
773,3.5790792,2.0183048,4.304039,0.01702688,4.141655,5.439788,33.029324,0.12531747,0.055948257,0.2915911,0.340276,2.2752914,0.5154608
774,3.9581366,0.44518757,6.3088245,0.018043209,4.5496035,4.971842,32.169907,0.118518576,0.1449672,0.20023227,0.31526765,3.4110963,0.9855349
775,3.7164707,1.127526,4.0406466,0.02259556,4.422759,5.562472,33.257336,0.10260991,0.10888481,0.3974471,0.274329,1.354229,0.7267429
776,3.6906986,0.15379977,5.8320274,0.018984154,3.931799,5.334367,34.527466,0.2976236,0.14402997,0.1849443,0.30033565,4.075837,0.9592666
777,3.4741478,-0.30936122,6.211788,0.0150711555,5.032777,4.8620434,34.45096,0.15483287,0.15697563,0.17312649,0.2635192,1.7339938,0.91251373
778,4.231986,2.3177524,3.9152908,0.015150133,4.8707943,5.684724,31.736668,0.17673722,0.15538359,0.15932679,0.394778,5.9634604,0.8883692
779,3.8383517,1.5835705,4.8092694,0.022882497,4.4846954,5.4477696,32.326393,0.19605356,0.14816344,0.16235499,0.24630699,3.3264916,0.87251544
780,3.2730045,0.31564164,4.2032995,0.04765496,3.8130627,5.6438503,33.93423,0.28020394,0.21195161,0.12213252,0.49562436,1.7491779,0.93072504
781,3.895606,1.6443152,6.9071293,0.011577128,5.076416,4.6192718,32.679424,0.16852649,0.07599509,0.109861724,0.2510661,2.1733155,0.9768081
782,3.9024177,1.3235893,6.5808234,0.009468842,4.697219,4.6109157,32.986145,0.23695916,0.11118376,0.109065555,0.25160927,1.5858873,0.9663567
783,4.128399,1.506201,5.4995403,0.0083655,5.035,4.694184,33.41496,0.1438073,0.11034238,0.34809214,0.31449357,1.8362082,0.7218533
784,4.0096817,1.1728513,5.4276586,0.012832008,5.241167,4.9090385,33.878906,0.16672114,0.09912717,0.2108902,0.29586062,2.6550157,0.9049502
785,4.1595373,2.966652,4.631233,0.014205835,5.1454296,5.5868716,32.786026,0.117198676,0.16728067,0.2886666,0.26972696,4.127333,0.959767
786,3.96111,1.0498228,4.829476,0.024494138,4.901819,5.259479,30.783018,0.112404816,0.21089673,0.2805726,0.4657898,8.251673,0.5597384
787,4.017235,1.2126229,5.291224,0.027288219,4.3211374,5.062356,31.746042,0.12593941,0.17508805,0.2801911,0.38952816,6.283011,0.8808928
788,3.7914968,1.5425589,3.5008607,0.014363767,5.043661,5.559398,34.95034,0.18104577,0.16448581,0.269486,0.25050396,1.8980001,0.7770527
789,3.7326288,0.94335675,3.7015052,0.019884013,4.1699524,5.8439035,32.87606,0.1427335,0.18187737,0.2507599,0.22388591,1.6778295,0.9251736
790,3.2946782,0.1216023,2.7309752,0.037771136,4.02382,5.9143076,33.795353,0.15468904,0.09850204,0.26147732,0.29977626,4.170311,0.8129597
791,3.8827925,0.97464037,7.1219974,0.008727186,4.783806,3.9175112,34.115196,0.118637614,0.16046023,0.2436009,0.40789324,3.572406,0.95055735
792,3.6652865,0.23272085,3.3609252,0.025363032,5.007104,5.657086,33.40239,0.13770995,0.09808755,0.16692126,0.28934368,2.966312,0.9039521
793,3.683795,0.27352667,5.039764,0.013217528,4.949651,5.1767693,33.745697,0.12371894,0.15005624,0.26588258,0.35079318,3.223317,0.99538296
794,3.902453,0.8884692,5.275113,0.018160915,4.6636524,5.613948,32.81863,0.1174634,0.19194973,0.30323154,0.4351442,2.7116733,0.99079686
795,3.848497,1.3302004,5.2185397,0.014360593,4.919853,5.545814,33.47409,0.21446371,0.10901344,0.25764522,0.21828173,2.71956,0.9730339
796,3.7760172,0.2655635,4.799364,0.014663221,4.8324347,5.478177,33.10453,0.131738,0.16058302,0.2536188,0.22908491,4.0306034,0.67032576
797,3.8005247,0.8595786,2.718794,0.03386395,5.283786,5.610486,33.88355,0.18517387,0.15200853,0.29644826,0.20313412,1.9321052,0.8937816
798,3.7774267,0.5322304,2.1872425,0.022012932,5.1320515,5.6453533,34.415615,0.19408613,0.12966383,0.3294977,0.21256505,2.8223548,0.9054183
799,3.6544523,-0.045663476,4.0479956,0.02308877,5.2530136,5.470145,33.45817,0.13960901,0.037169576,0.24830791,0.29577252,3.11565,0.7311261
800,3.574759,-0.035601616,4.518819,0.024196366,5.1564264,5.596339,32.94847,0.15859568,0.03700161,0.26758036,0.27937,4.0969505,0.7860001
801,3.5686831,-0.13605595,4.2271566,0.026812308,5.0279045,5.6737614,33.35456,0.15498818,0.013874054,0.2884853,0.28521952,4.2267985,0.8229148
802,3.7445927,0.22869968,4.8473377,0.03163163,4.6969223,5.789159,32.33769,0.20731321,0.09265113,0.311592,0.23311955,2.602143,0.80936885
803,3.5982366,0.9151182,4.6751456,0.027883966,5.081085,5.4930696,32.552612,0.15481013,0.10827124,0.26982498,0.20915063,4.6337023,0.7227709
804,3.74682,0.90086126,4.432124,0.014734219,4.3784666,4.990531,33.356956,0.24122468,0.1451658,0.16881731,0.35451257,2.236432,0.96634
805,3.6898699,1.1526084,4.821659,0.016229063,4.8037434,5.533968,33.110928,0.18594977,0.17409062,0.19937979,0.36660647,1.7609452,0.9763871
806,4.0603247,1.7507749,5.111373,0.010798556,5.037319,5.653405,34.53692,0.13716516,0.12303066,0.23813614,0.26728174,3.960661,0.6081129
807,3.9438891,1.3232527,3.3750153,0.015058901,5.087575,5.4985275,32.890728,0.111035235,0.081517935,0.32390323,0.31445473,1.6842637,0.63031757
808,3.8823223,1.7536788,4.708868,0.011593182,5.3472795,5.5477953,34.461864,0.112224974,0.036148787,0.35792163,0.27066696,1.3656428,0.6814238
809,3.86158,2.7779322,4.9050536,0.011498482,4.4841976,5.450367,34.823414,0.10130951,0.20480943,0.23749784,0.3494013,3.6665943,0.9617269
810,3.7481804,0.14252734,6.878211,0.020145752,4.3538523,5.2225504,33.83274,0.10681456,0.17003584,0.28507584,0.3454867,2.1628652,0.93547225
811,3.737032,1.0326436,4.3048477,0.020848574,4.5011005,5.0674953,34.08087,0.15715832,0.18371582,0.29310653,0.30956787,1.6304959,0.92591363
812,3.6752195,1.1317277,3.484266,0.016835244,4.865142,5.934787,33.29197,0.19674179,0.093309045,0.22908759,0.3240001,3.985298,0.9907534
813,4.05663,0.8577759,3.5774138,0.018268341,4.7286835,5.7287574,33.405575,0.12975545,0.16025436,0.30255514,0.30562586,2.1384945,0.61580354
814,3.858737,0.35813427,5.001959,0.01774126,4.810014,5.5159745,34.583244,0.12889744,0.20767248,0.29613903,0.29799765,4.4876766,0.8379247
815,3.7274814,2.0553184,4.017145,0.016804095,4.5651054,5.441037,31.536045,0.19935283,0.045428753,0.26057988,0.3049842,1.6409345,0.9324589
816,3.9292903,1.6098208,5.72987,0.013555594,4.044095,5.5036135,34.884567,0.17633557,0.07126999,0.19328563,0.34570673,4.365779,0.7176666
817,3.8617907,1.5453291,8.098363,0.007500888,4.2540874,4.6263113,32.4465,0.2070643,0.10106814,0.18352866,0.3283344,2.9786305,0.97309
818,3.9414244,1.5234745,7.5770655,0.0080898525,4.6630554,4.5506845,34.400585,0.2220245,0.10693073,0.21556582,0.3571815,2.4333537,0.907743
819,3.8954778,0.10410762,4.006255,0.029346999,5.728011,5.584895,32.97914,0.10683885,0.1760366,0.31781587,0.40580285,2.850171,0.98273844
820,3.588223,2.221459,5.408432,0.012911791,4.025985,4.9745064,33.76926,0.19263789,0.074998975,0.16457653,0.26820648,2.6259508,0.90427935
821,3.8020515,0.15353894,4.3305435,0.021609874,5.7796583,5.6620035,33.315125,0.102396876,0.1757673,0.24963719,0.32246634,2.391488,0.9993905
822,3.788898,2.7508187,5.42455,0.02283407,4.627261,4.557852,31.85132,0.17536786,0.08952212,0.28913146,0.3518462,4.562842,0.9813873
823,4.3479185,0.8437085,3.5710526,0.013660729,5.8364716,5.984173,35.388836,0.15374185,0.17519605,0.24215683,0.26034397,2.7191393,0.60426295
824,3.4185114,0.75307536,5.501665,0.028724115,3.090414,5.076708,34.739838,0.12500419,0.039797425,0.2609937,0.39544836,2.630278,0.8815095
825,4.0887766,1.8718162,4.321694,0.012219207,5.4943132,5.6979036,34.057415,0.17632526,0.17876756,0.22907567,0.40931094,2.500546,0.9110795
826,3.228057,-0.11068976,5.8520126,0.026232745,4.2558784,4.6286807,33.164307,0.115744166,0.1221025,0.28713387,0.39081532,2.9924197,0.65336114
827,3.9092565,2.168765,5.703966,0.010438237,4.1667557,4.7149353,33.240204,0.22682741,0.1275258,0.2594964,0.2674829,2.9501076,0.97166806
828,3.7442675,2.4080186,7.134364,0.011198394,4.2905903,4.337348,33.686543,0.16773841,0.053786635,0.259914,0.2884022,3.6397557,0.8969921
829,3.6870441,0.6291795,6.4201527,0.01129755,3.958229,4.2989264,33.99463,0.15625411,0.14406717,0.23525786,0.34328857,2.476488,0.8125038
830,3.5443234,0.3123157,6.4259787,0.011215963,4.6580124,3.9837747,33.466354,0.21696201,0.12025678,0.23400357,0.29881874,2.8432992,0.82199115
831,4.1776934,2.635172,2.8318675,0.019407049,4.761945,5.8678913,32.414574,0.10233281,0.116494894,0.29928872,0.33392417,5.4989576,0.8811523
832,4.1889935,2.3348622,2.727826,0.024130013,4.42733,5.8595495,31.23659,0.10297436,0.12310016,0.27809075,0.3007553,3.0564692,0.7946292
833,3.5065937,0.5856364,4.815752,0.025687015,4.0550814,4.7695103,34.647102,0.11740481,0.077705264,0.3162894,0.3692178,2.3052456,0.9632444
834,3.9180427,0.5092602,5.085352,0.015269334,5.1396666,5.01878,34.302242,0.1430273,0.13270795,0.22778791,0.2847516,2.5571342,0.7729698
835,4.25994,0.7116122,4.238059,0.01947898,5.207012,5.882606,33.36885,0.21565807,0.17561865,0.22495028,0.31746474,4.632185,0.90967774
836,3.7391448,0.32688498,7.053524,0.0109971855,4.671652,4.1300592,34.19481,0.13877636,0.09604132,0.28054094,0.3173927,2.533983,0.8291758
837,3.8176126,2.1693187,3.0408325,0.028095828,4.888294,5.9104896,31.351347,0.20237488,0.14566553,0.18755843,0.3841276,4.879164,0.8770242
838,3.6350846,-0.09776199,4.251575,0.033555374,4.346567,5.934496,36.037506,0.19702992,0.12426472,0.26189232,0.25915956,1.6624477,0.9726618
839,4.0675592,2.4123874,6.510195,0.013609118,4.258648,4.386819,30.241936,0.1080323,0.14121366,0.254034,0.23757292,4.4538336,0.7843121
840,3.575019,-0.38896763,3.6182735,0.045482967,5.1979237,5.5728416,33.28288,0.2041274,0.10416007,0.23344368,0.336376,1.1792907,0.96687675
841,3.45609,0.28838778,3.9121408,0.027604556,5.2147408,5.472457,33.778996,0.18102318,0.12738836,0.21371132,0.46329892,1.1179024,0.98510134
842,3.7343793,1.169882,4.5696573,0.02152323,3.7162018,5.4331,35.086906,0.19273949,0.12664258,0.20334414,0.25557595,1.4561917,0.99406505
843,3.8800278,1.1748638,5.2088804,0.018235043,5.1215897,4.952635,31.193453,0.18248308,0.14351273,0.23955238,0.4293797,5.605954,0.9820886
844,3.8423867,0.5562649,6.236287,0.017172234,4.3542185,4.9266443,32.698658,0.22081634,0.10896635,0.22436759,0.3622146,3.3355262,0.98593587
845,3.8073492,1.8956957,4.291255,0.014981765,4.344963,5.1715198,34.721798,0.16200209,0.07420325,0.23439294,0.3675227,2.3518085,0.9880201
846,3.6282978,1.1585598,5.4568615,0.028972367,4.5234118,4.9509716,31.764875,0.21836568,0.15146303,0.23145178,0.30899876,4.1563654,0.9274015
847,3.840612,0.24129415,4.1667447,0.017919114,4.830489,5.4306417,34.161438,0.119965345,0.1642288,0.29991677,0.35471725,2.1445253,0.89626265
848,3.8599086,1.2708926,6.006461,0.0155866975,4.4368763,4.6629086,32.773643,0.22021765,0.16764581,0.24203694,0.35047054,4.27223,0.80294544
849,3.7528381,1.3023162,6.675254,0.010744458,4.553851,4.3903036,34.176655,0.12555672,0.15229583,0.2856636,0.3396151,1.9575704,0.83071136
850,4.1358767,1.4551942,4.427271,0.012194828,5.0732594,5.173092,33.38919,0.114799336,0.16882896,0.22792664,0.30307665,2.600307,0.9937317
851,3.4995947,0.19532275,8.217674,0.005739543,4.277377,3.182986,34.654243,0.18882117,0.090259194,0.35367602,0.25269362,2.5664577,0.7187666
852,3.5543523,0.381994,7.456155,0.0050387904,4.575673,4.072706,34.015896,0.12454447,0.016646147,0.30419102,0.270294,1.7594638,0.90579814
853,3.8091478,0.81702423,6.33078,0.018938126,4.243642,5.1064725,32.17169,0.2896882,0.084456325,0.1635947,0.4300701,4.3373957,0.59074825
854,3.5771022,0.5236044,4.950204,0.022050582,4.634014,5.238556,33.433155,0.1559706,0.040715337,0.21964863,0.39188987,4.216359,0.70383203
855,3.8088536,1.3332341,5.435699,0.0154110445,5.081032,5.2245564,32.669445,0.112948366,0.17633069,0.3187809,0.39911544,1.9717553,0.9198714
856,3.9217048,1.2691264,5.045957,0.01567265,4.6869526,5.0344324,34.22702,0.107278496,0.064061284,0.24748042,0.28996283,4.09781,0.9937825
857,3.7912488,2.0623822,5.629246,0.009305946,4.8701553,4.9436765,32.99515,0.120244205,0.06839061,0.2798905,0.33246595,2.3019881,0.9952956
858,4.220726,1.081605,4.503108,0.018873218,4.5483036,5.4338536,34.241043,0.117831916,0.15364337,0.29844156,0.33858252,4.561096,0.99459887
859,3.8850222,0.6137252,4.842432,0.03257874,4.3814106,5.513999,30.60239,0.16181062,0.08399665,0.21795428,0.32017493,6.512669,0.5143304
860,4.009426,2.0420532,3.9905472,0.022853278,5.202778,5.7066145,31.691502,0.14555427,0.1437701,0.29154643,0.32801232,4.2858195,0.9748937
861,3.8329082,1.504133,7.255424,0.014368782,4.4483137,4.696327,34.037323,0.12586527,0.1277405,0.28901613,0.33699542,2.539887,0.9371089
862,4.0785294,1.5139298,6.3387117,0.013455958,3.9461956,5.0672503,35.242676,0.120983385,0.11237192,0.34100467,0.336614,2.7307267,0.9689025
863,3.6543455,1.0175459,7.2656813,0.00718347,5.445019,4.338967,32.716324,0.18195108,0.10544288,0.24537584,0.30948904,4.26649,0.76798445
864,3.9789486,-0.1285466,7.5397615,0.0051852837,5.1976767,3.6955075,35.04126,0.16731799,0.12745547,0.3060938,0.2285218,1.7571628,0.81848353
865,3.720811,0.84208775,8.704075,0.007890536,4.633753,3.181288,32.74353,0.13213126,0.0202744,0.25719893,0.4615577,3.3255413,0.7594978
866,3.896277,1.3371968,8.955302,0.0052949334,4.5153437,4.1263313,32.525543,0.138569,-0.013795316,0.2314128,0.36495256,3.585004,0.8082441
867,3.7379866,-0.33191466,6.0260315,0.018219257,5.077319,5.226482,34.839725,0.13031185,0.29053044,0.25628114,0.29719743,2.3451967,0.7640303
868,3.5459032,0.4986174,4.595514,0.015185341,4.62195,4.7068596,35.20091,0.17245626,0.19742298,0.25674546,0.33381343,1.7490168,0.86825985
869,3.881154,-0.33459246,5.288437,0.021541415,4.8612394,5.018051,31.61412,0.12777856,0.17991936,0.23184705,0.35896003,5.363509,0.89607596
870,3.605331,0.441231,5.4121637,0.01816225,5.029626,4.6562395,32.987675,0.16389063,0.12149465,0.32226986,0.26724824,2.8294702,0.9729811
871,3.8409014,2.1589527,4.5474253,0.021098744,4.625039,5.2676716,31.407887,0.2518064,0.08798647,0.25333956,0.26044786,5.677992,0.6056231
872,4.0467587,0.7892561,5.1106205,0.0137442015,5.356823,5.008356,33.02747,0.12577115,0.15029693,0.28951403,0.2335071,4.6830626,0.9080025
873,3.8428907,1.065757,5.8317966,0.012922473,4.04121,5.2182693,35.75407,0.14308323,0.15952253,0.23486915,0.21596316,3.1192741,0.5940835
874,3.6939359,0.9532907,4.2823625,0.022633402,4.751419,5.363609,32.098522,0.14527762,0.061885715,0.33708167,0.26891536,2.9974267,0.91470534
875,3.5598679,0.22381115,4.2589254,0.02559314,3.9058914,5.591997,34.44195,0.1078376,0.15596116,0.28341097,0.23504251,3.7815578,0.8557785
876,3.6427135,1.1027768,4.2593327,0.024206424,3.955184,5.006588,32.85234,0.19801107,0.09396434,0.24839175,0.4350785,3.2164001,0.8161263
877,3.7983274,1.0557966,3.706365,0.025171062,4.6249733,5.5973587,34.08378,0.16165735,0.11144161,0.22790584,0.27453542,2.389511,0.93177205
878,3.8184323,0.40436387,5.6423826,0.014322442,4.9425173,4.4429655,32.57409,0.11585705,0.14574885,0.22459412,0.2093711,3.5965626,0.8867059
879,3.8581996,1.0322611,5.7860208,0.024649817,4.92922,4.9713855,31.103352,0.2773171,0.11107552,0.25402087,0.2599676,5.3074346,0.6736144
880,3.453559,-0.5279671,3.7887425,0.051627662,4.7689676,5.6819754,35.372463,0.10428584,0.13232172,0.28250608,0.35381958,2.262332,0.95544386
881,3.85432,2.0039978,5.9305696,0.0096286815,4.4897633,4.4262724,32.253098,0.2341384,0.0904001,0.3136951,0.2885413,4.771924,0.8745827
882,3.7228527,0.91227055,5.5478306,0.015562706,4.2845116,4.8509502,33.27088,0.110653885,0.2048291,0.22614071,0.2863898,3.585217,0.8046122
883,3.5864406,1.4300275,4.048959,0.021005552,4.330694,5.2420416,33.84602,0.12195649,0.054023862,0.30585003,0.35333908,2.3724086,0.9299689
884,4.0394573,0.13784957,6.722012,0.011355702,5.2959747,4.8782153,33.502823,0.1938696,0.12147033,0.22261912,0.26715678,4.255299,0.66842896
885,3.5953546,1.1574755,2.9040306,0.03148184,2.9701462,5.6116323,33.575607,0.16024408,0.123116136,0.2874845,0.3420915,2.2248325,0.9908468
886,3.303135,2.6427307,3.968477,0.02725683,3.8604918,5.601346,34.8522,0.13210896,0.104292035,0.2604214,0.34594786,3.1342127,0.99067634
887,3.9681258,0.02888465,5.1779556,0.006773693,6.1981354,4.532166,33.190536,0.12867086,0.20892179,0.25359467,0.31616664,1.5244764,0.951624
888,4.098131,0.21032715,7.6635246,0.0062212395,6.0523357,4.4220343,34.0837,0.23761985,0.101920724,0.22500423,0.2757154,2.0545192,0.8908159
889,4.0016727,0.23365521,7.168042,0.00593257,6.159878,3.9877992,33.27412,0.18545502,0.12319589,0.2291196,0.2782763,2.2773128,0.8951791
890,3.6801982,1.59274,4.248442,0.027845217,3.060399,5.2770042,33.69255,0.16467786,0.13378263,0.2819933,0.25195724,2.664239,0.87954825
891,3.6252313,1.5389287,4.7385564,0.032456424,3.20539,5.3643904,32.57097,0.16391915,0.114712,0.29840392,0.2453111,2.2974186,0.8641917
892,3.72746,-0.14041138,4.4811425,0.035538685,4.9938593,5.658271,34.343937,0.14085233,0.19899523,0.23370025,0.42706072,2.33012,0.8351713
893,3.938933,2.873767,8.302911,0.008199294,5.0823975,4.230448,32.021168,0.16090839,0.07223797,0.26611018,0.25386998,2.6438513,0.8955391
894,4.0027437,0.65520716,5.960726,0.016986798,5.3544083,5.162703,34.291397,0.11798497,0.14163089,0.29989022,0.31994548,1.8541617,0.9189504
895,3.7089663,0.52292824,4.4195614,0.030978164,4.4026527,5.4696064,32.649246,0.16503921,0.13697577,0.17794572,0.265104,1.9662414,0.84065247
896,3.9518995,0.24308825,3.7617152,0.020014096,4.626813,5.776676,34.950035,0.18895492,0.120459676,0.22855017,0.33177274,4.790289,0.9160502
897,4.18287,-0.2920308,4.553683,0.03181187,5.4863644,5.8848066,33.18641,0.18740766,0.14661622,0.24429715,0.3762954,3.696348,0.9047908
898,3.6785655,2.9695854,3.828234,0.024483467,4.315921,5.388005,33.84618,0.14399032,0.07321513,0.28217164,0.34421474,1.8876892,0.99401945
899,3.8677626,-0.30416548,6.131074,0.014239295,5.376935,5.0388107,33.58017,0.17993444,0.20201123,0.26086083,0.2711074,2.4393396,0.91614765
900,3.6794634,2.6611304,4.336081,0.037166625,4.1751823,5.379091,31.424274,0.10964956,0.069585085,0.2282162,0.44265047,5.7588415,0.89315677
901,3.847116,0.15310931,3.4562123,0.03500897,5.4556646,5.333209,30.479649,0.11890405,0.20016694,0.33476204,0.22267713,4.417919,0.8689465
902,3.6979542,1.5199018,5.216922,0.024169782,3.7032013,5.3732433,31.361372,0.19807914,0.09240425,0.27661604,0.23230422,5.9623113,0.7191524
903,3.0863957,0.22708511,4.1632996,0.044822123,3.2325077,5.6450195,34.213387,0.15821086,0.12066126,0.19652548,0.43023688,1.8523209,0.919568
904,4.1161346,0.2681303,4.8577147,0.01849229,4.8859644,5.4044585,32.932808,0.1720734,0.13322854,0.16920382,0.27227268,3.755723,0.7754888
905,3.9375744,2.127944,5.1641693,0.00847401,5.181776,5.203232,33.43735,0.25575733,0.20377445,0.20362617,0.4298101,3.5030732,0.8777764
906,3.6991262,0.37312222,6.3070097,0.009156838,4.7591476,4.6985044,34.21459,0.17875083,0.06653249,0.25125822,0.2680182,3.368717,0.8331664
907,3.7641196,0.99509,4.294645,0.019420816,5.341119,5.2103586,31.726496,0.12128413,0.23775542,0.27893156,0.2927157,2.062867,0.99170226
908,4.125102,0.7911601,5.3782945,0.013448478,4.5898,5.496257,35.175888,0.13864526,0.110135555,0.28190985,0.3798662,3.2136393,0.7406299
909,4.071459,0.9369867,5.4177876,0.018886896,4.662197,4.928933,31.059978,0.14693253,0.13096893,0.28707597,0.31715223,6.5453277,0.80972123
910,3.803018,1.4679873,5.2034464,0.013951295,5.5490723,4.783636,31.352825,0.15347053,0.11059964,0.2682941,0.2973894,4.0550184,0.8719824
911,3.9757566,1.1783559,4.9021893,0.015230346,5.786112,5.3922935,32.409286,0.10886303,0.10228658,0.2131693,0.3336482,3.1637816,0.89989984
912,3.998848,-0.07319677,5.2364683,0.021431541,4.454199,5.491313,33.69852,0.12244071,0.08891034,0.23992223,0.3738826,3.4839573,0.8755367
913,3.8364697,2.2501416,4.502927,0.013584961,5.4833813,5.321098,32.432377,0.25657824,0.1937275,0.2313391,0.30646324,3.3381681,0.41621628
914,4.3872023,0.13451791,6.1673775,0.008348776,4.9732876,4.871772,35.3648,0.12798119,0.15909159,0.22957641,0.29426345,2.3244507,0.87454885
915,3.8393316,0.65860534,5.2048187,0.016846422,5.530243,5.5125694,32.874264,0.15814,0.17504644,0.24742419,0.28244793,4.3872313,0.83961487
916,3.968196,0.13098216,3.3850672,0.022890806,4.8640213,5.645461,34.340275,0.17621389,0.12654519,0.26106438,0.3466789,2.1944618,0.91120327
917,3.8033834,0.9867258,5.0374813,0.016324898,4.1328144,5.1075354,33.23118,0.14419106,0.14507425,0.2879685,0.43203825,3.5468535,0.9869839
918,3.7276397,0.8882432,3.104342,0.026757391,4.528282,5.954834,32.818195,0.13957119,0.107546926,0.26235348,0.2036419,3.5030854,0.4077527
919,3.8108149,0.39800286,5.9275985,0.026993748,4.9762735,4.6816707,33.142757,0.13415176,0.077569366,0.26485413,0.6371464,4.0449224,0.97860616
920,4.159526,1.0069203,4.4349017,0.02145319,4.742565,5.740266,31.582428,0.1575265,0.20164168,0.24991861,0.20165399,5.934036,0.79833895
921,3.4127035,0.36614656,5.7558956,0.022432698,5.058175,4.780565,30.514317,0.16843231,0.10004592,0.26687828,0.20039503,6.420578,0.9425773
922,3.6599007,0.74423814,5.154422,0.021967508,4.837328,4.957995,29.766586,0.13426512,0.059221745,0.24105036,0.20031025,7.094959,0.7358239
923,3.97676,0.67069674,4.898473,0.024340272,4.8801765,5.149226,30.029184,0.14653245,0.08246946,0.27817956,0.20033996,5.930972,0.69828534
924,3.9835353,0.1573143,6.5078673,0.019653516,5.755991,4.9378786,29.63088,0.17823356,0.08031428,0.2577263,0.20043968,6.852496,0.53603536
925,3.7761307,0.8649559,4.830455,0.017172886,3.7696342,5.529626,33.387726,0.2240233,0.22712612,0.15311806,0.80698603,1.3503311,0.83397216
926,4.000065,0.20276141,4.961147,0.016356485,5.2673864,5.204168,35.21152,0.13312304,-0.03575653,0.35164717,0.34112704,2.9134955,0.80332017
927,3.492365,0.31824875,5.9665236,0.017016836,4.3150377,4.6471357,34.469322,0.2565074,0.23510528,0.17242235,0.26410556,2.410453,0.9734263
928,3.4089265,0.76155496,5.561323,0.019983495,4.356122,4.4904,35.16648,0.23249537,0.22832012,0.18888168,0.22269674,1.798322,0.9455442
929,3.7441926,-0.62771535,4.838028,0.024556117,4.884947,4.5357914,32.443733,0.20462441,0.11482561,0.16806611,0.25341156,5.9769406,0.93607414
930,4.0975113,1.0667346,5.213867,0.0099448385,4.6492376,5.69923,33.58958,0.21068773,0.17316878,0.13019526,0.36078376,1.0523075,0.8479017
931,3.5288348,-0.1435448,5.3274255,0.014210704,4.9985933,3.9693239,33.975433,0.28937104,0.08401692,0.121333815,0.26472086,4.1987524,0.89623165
932,3.8529277,0.84904766,5.5635166,0.020250084,5.0324116,5.142723,33.15274,0.23608416,0.07580495,0.1165674,0.2148965,1.7330995,0.64472777
933,3.3675566,-0.12540364,5.9005003,0.030769404,3.4343262,4.7106986,33.677563,0.22388422,0.1351409,0.12177013,0.34034693,3.9492598,0.90326846
934,3.4606786,-0.16457653,6.6417747,0.026969776,4.940175,4.189816,31.649416,0.21237904,0.17440033,0.11939189,0.39213502,4.9987035,0.8639623
935,3.4896212,0.18956137,5.9935937,0.017354796,4.7688665,4.7676964,32.344933,0.24051437,0.16004145,0.13511813,0.36411506,4.397164,0.97486365
936,3.852425,1.4529772,7.076024,0.004302371,4.6188173,3.7116594,33.11409,0.16047634,0.107842445,0.33228934,0.30466676,1.4877605,0.941741
937,3.7056856,0.23306322,11.43481,0.005599961,4.851856,3.0038996,33.613155,0.20318133,0.12750769,0.26491055,0.25054896,5.4459662,0.81136256
938,3.8955169,1.2061634,10.239942,0.00277258,4.2476377,3.1639073,34.90412,0.10734467,0.1646961,0.25767666,0.32736617,2.6920407,0.82841825
939,3.9212365,0.59178495,2.780195,0.030574907,5.657339,5.8684883,32.75131,0.18947485,0.104441166,0.25951976,0.27881125,4.394574,0.97635376
940,3.7877192,1.3558118,8.227107,0.011518216,3.8981285,3.6459427,30.529514,0.11377966,0.16634929,0.24830416,0.3004576,7.762423,0.931564
941,3.8393874,1.0337191,8.115754,0.0070214565,4.8339043,3.9590576,33.98257,0.18426217,0.16272974,0.30603135,0.41340554,2.1009593,0.91122484
942,3.4406304,-0.37316406,7.7299366,0.0077638784,4.2747164,3.0700665,34.97458,0.106426,0.11654127,0.2890415,0.22897017,2.3663213,0.99143606
943,4.1210394,0.8807759,5.6752615,0.013119585,5.443511,5.038409,32.20255,0.1920138,0.18309498,0.26922408,0.34760755,3.498991,0.43339705
944,3.8853989,1.5862246,5.783356,0.0145572135,5.162901,4.8005543,31.928928,0.13961889,0.16330755,0.25598815,0.30198517,5.0007586,0.68415076
945,3.5378213,0.5713861,3.7899613,0.025956009,4.701928,5.5991926,35.758537,0.12515388,0.18236065,0.2754341,0.2828271,1.6221069,0.91849416
946,3.9515076,0.95053935,5.7074823,0.010522848,5.4361496,4.95831,35.231094,0.21931419,0.1274339,0.2391791,0.3029012,1.8229445,0.9357693
947,4.3425055,1.1929853,5.2735367,0.010200511,6.0686646,5.3145323,32.169613,0.12567607,0.13314044,0.28794685,0.31866854,4.1630173,0.8766668
948,3.2363997,0.4391384,5.036473,0.04070464,3.3620262,4.700509,34.153614,0.13255969,0.09881604,0.23856273,0.3111303,3.745906,0.98178434
949,3.726654,0.5198381,2.4471946,0.027437765,5.031164,5.973562,34.372673,0.19719377,0.18185973,0.27888924,0.24441835,2.8579144,0.92429405
950,3.6859236,1.0871074,5.888832,0.011844825,4.2598925,5.0976744,34.77552,0.1442689,0.08990586,0.3012982,0.21518207,3.0217507,0.8507471
951,3.7851663,1.8270988,5.436474,0.011302319,3.8723793,4.1851883,32.93319,0.16753557,0.10690451,0.28246048,0.20439442,3.540976,0.7816242
952,3.8630571,0.92174244,7.09243,0.01875642,4.4508915,4.788275,32.56914,0.1858182,0.19078851,0.24128532,0.21561563,6.5908484,0.6741799
953,3.6889591,0.46123958,3.5525715,0.025493534,5.5918636,5.893198,34.31629,0.1467959,0.1584841,0.23877499,0.26802066,1.2735193,0.9353493
954,3.7228413,0.43286705,3.3918343,0.031940825,5.2025166,5.87199,33.817944,0.152212,0.15060079,0.21348679,0.25315192,1.3178473,0.92179334
955,4.3275948,1.548301,3.9873576,0.016161688,5.207733,5.6216793,32.67592,0.19072208,0.22671354,0.2513847,0.51860905,5.180899,0.91941386
956,3.6021156,0.30002356,4.7427998,0.02739298,4.535551,5.3494654,33.55108,0.19154987,0.064796805,0.26165158,0.2543211,1.240165,0.992785
957,3.5828786,0.7308397,4.161846,0.021943664,4.4500732,5.621043,33.927597,0.17950833,0.14190698,0.30680183,0.31010747,1.4025519,0.98761296
958,3.9808855,0.70501184,6.2060466,0.016458942,4.407668,5.3926077,31.405365,0.16941576,0.095775485,0.30356532,0.26342097,3.6940026,0.9037717
959,3.822215,1.9599543,4.4929814,0.00990495,4.848981,5.6718826,33.355545,0.10515132,0.05616772,0.2462304,0.3069378,1.9400518,0.63107723
960,3.722283,0.7998636,4.2863183,0.033289008,4.3744745,5.665955,32.89685,0.13913497,0.057426453,0.31206506,0.31850475,5.2805147,0.9052414
961,3.5502372,1.3490481,3.8260708,0.031189641,4.0894747,5.4976525,33.467808,0.11212241,0.035368204,0.29092646,0.5751904,2.625749,0.8615922
962,3.5792947,1.2073977,4.806824,0.020449324,4.490925,5.3955765,32.513477,0.14861345,0.06708372,0.2691573,0.37137616,1.9639447,0.9636604
963,3.7898817,1.2319145,4.4560432,0.015526948,3.7937317,5.269815,34.134052,0.10679876,0.18062878,0.30134612,0.2678433,2.037364,0.9218937
964,4.111369,1.9747398,4.5016546,0.019615123,5.329441,5.5928235,30.589626,0.10576001,0.12342191,0.28504628,0.31396535,2.9013624,0.75728095
965,3.8212194,0.73631406,4.300638,0.022384463,4.406208,5.2519007,32.14001,0.10346274,0.12606215,0.30342165,0.3155486,3.8520248,0.89689034
966,3.995284,1.0500667,4.5326,0.021811686,4.8718033,5.6148167,33.908043,0.10610695,0.049190044,0.21573882,0.3563419,6.5909386,0.94994456
967,3.7120104,1.5248368,5.0659556,0.015151455,3.5590181,4.8563957,32.74415,0.14031948,0.08549559,0.3373387,0.3503006,1.784605,0.91897553
968,3.6460485,-0.46038103,2.530079,0.034973845,5.235505,5.9593277,31.532253,0.10593025,0.11322117,0.2293098,0.2862223,4.058226,0.76257503
969,4.042385,2.0045881,9.318428,0.0044082026,4.355152,3.7031333,35.412086,0.20045793,0.11714673,0.22842476,0.32388207,2.817746,0.9451961
970,3.4313269,-0.25775158,2.8816032,0.038428478,4.7781487,5.9460382,36.68139,0.15222353,0.079280496,0.27630663,0.27936852,1.0199097,0.8444572
971,4.0127506,2.1493392,7.380701,0.007406133,4.577078,5.4033046,34.64327,0.12551668,0.16699684,0.25390768,0.35543624,2.1443374,0.96847457
972,3.5603523,-0.44511628,6.0517797,0.028069858,5.62306,5.372802,33.478607,0.21091095,0.09727538,0.2702671,0.30372423,3.914145,0.8198111
973,3.3949342,-0.5413096,4.7300205,0.042419948,5.122327,4.847241,33.422146,0.16742685,0.089860916,0.27775365,0.39803666,4.78175,0.84407896
974,3.9832816,2.7403598,6.1366897,0.0075948783,4.181485,4.960791,33.82155,0.13811974,0.16868341,0.26232603,0.2855183,3.0612512,0.91342896
975,4.09515,1.7141407,5.298915,0.007812843,4.6512976,4.896822,33.740665,0.12015685,0.1774944,0.22860005,0.37377673,2.475875,0.966226
976,3.3455815,-0.39068782,3.1639645,0.03643938,4.2849693,5.7361126,31.587233,0.14199446,0.07059407,0.24715179,0.26449257,4.3288307,0.71736056
977,3.9187212,1.5109081,2.9001884,0.010537176,5.4219103,5.5633783,31.475906,0.15554199,0.16797972,0.2755674,0.26151007,2.2608752,0.99091214
978,3.7148738,-0.5055419,4.3573995,0.025180534,5.890711,5.453784,35.74727,0.18942901,0.14916384,0.23325595,0.4340378,2.847817,0.9953146
979,3.7952456,0.3833542,5.0726523,0.030116197,5.2511272,4.9558663,31.080816,0.14486942,0.13345838,0.26539615,0.24984232,5.540706,0.99948025
980,3.1175156,-0.6584903,4.9980364,0.019183744,4.6580753,4.9330616,31.193401,0.19931278,0.15106082,0.26659676,0.3195623,3.7601876,0.9978345
981,3.662438,-0.2899648,6.4494877,0.04480535,4.8937235,5.107877,33.547863,0.11555716,0.098599434,0.3396285,0.25644442,5.9154906,0.9883762
982,3.7330127,-0.47815347,5.2179375,0.020008128,4.264181,4.997501,32.422245,0.109453656,0.118855834,0.26839322,0.30821797,3.7064707,0.9585743
983,3.5679421,1.6614556,4.856368,0.02103643,4.6766434,5.238508,32.699306,0.19558363,0.1387614,0.29216233,0.30938447,2.6486053,0.9216669
984,4.034111,0.68436503,5.9885464,0.011895821,4.6693993,5.041257,34.05475,0.106601864,0.1599952,0.26515657,0.24733701,3.4667318,0.7042861
985,3.4548573,1.2318244,3.3511477,0.035833146,4.5639687,5.705783,30.64965,0.19143939,0.07401919,0.30598328,0.34561485,4.584894,0.9282621
986,3.8071094,0.79246616,5.4832873,0.0105831735,5.194481,4.450374,34.15166,0.22210711,0.1891973,0.22242479,0.235767,1.8057767,0.7932712
987,3.92418,1.7011356,4.7057543,0.021871366,4.2382545,5.5064363,33.306034,0.11902081,0.09656048,0.32903183,0.33438504,5.3269944,0.88067216
988,3.829496,2.2388077,3.4749742,0.026326027,4.1232376,5.816499,32.806816,0.1412848,0.13670194,0.31714603,0.3182389,2.615996,0.7952455
989,3.853487,0.0013406277,5.8031473,0.022331335,4.8329086,4.9080763,33.700363,0.109582804,0.12478328,0.24667329,0.27561834,3.955988,0.9514295
990,3.9240675,1.9388514,2.526708,0.023290552,4.9616737,5.791806,32.759026,0.20709093,0.07886505,0.28769398,0.34263057,1.4512143,0.6837576
991,3.5822868,1.90028,1.7022665,0.024274075,5.1347523,5.833016,32.080696,0.1580044,0.021534324,0.28651893,0.350008,1.651767,0.70801365
992,3.6461725,-0.012567997,4.7013984,0.022898497,4.3368893,5.834716,33.818886,0.1432881,0.06598818,0.2651915,0.29754013,1.3783572,0.8675618
993,3.539012,1.3104105,3.0187562,0.027037347,5.0230827,5.4198437,33.66258,0.18671608,0.14778161,0.25326198,0.36077958,1.2609024,0.96085227
994,3.903164,0.30711818,5.0332775,0.016543167,4.649107,5.7720127,35.550022,0.12997837,0.074902415,0.27044648,0.28412893,2.7641597,0.8076269
995,3.8076377,1.0087357,3.3560534,0.02811448,4.956051,5.410097,32.13294,0.16106537,0.09718251,0.32397196,0.3344586,3.5519645,0.7888277
996,4.0208263,-0.037171364,4.2421756,0.02127927,5.3033266,5.7749844,33.303326,0.1150527,0.12658548,0.28641775,0.24054736,4.2404814,0.637675
997,4.047456,0.11403847,3.7413788,0.015686877,5.630069,5.765441,33.27212,0.11816874,0.12048781,0.32356486,0.23956484,3.7972865,0.67883706
998,3.633287,0.572505,4.890656,0.019574083,5.1737976,4.867335,33.25106,0.14413421,0.10202849,0.24177042,0.23483895,2.6126535,0.8164684
999,3.9338336,0.9752302,6.057522,0.011659476,5.0199795,5.266885,33.977848,0.15075418,0.1556431,0.20531005,0.39845282,2.8025084,0.94132286
1000,3.7893553,0.8764701,5.2247334,0.014861547,4.852868,5.40596,32.53926,0.22962615,0.0812031,0.23474222,0.2794805,3.5656958,0.973789
1001,3.885212,0.97946787,6.253729,0.017243667,4.728506,4.720174,33.7823,0.19858426,0.099838376,0.24308783,0.24286667,3.4339764,0.95915157
1002,3.7527075,1.2146556,3.8306737,0.028675806,4.6123333,5.6314254,34.02103,0.18796182,0.12880576,0.23750156,0.36154088,2.5531654,0.6042094
1003,3.7364388,1.3569205,6.50508,0.009334523,5.631092,4.730821,32.522594,0.118098795,0.14170611,0.27293655,0.29421875,3.2905257,0.9931884
1004,4.092535,-0.11499107,5.3921056,0.01290842,4.8375015,5.5530887,34.24659,0.12208039,0.13792837,0.33559084,0.23318103,2.3642168,0.9444917
1005,3.5854821,1.6524715,3.6068945,0.023363965,5.579377,5.6342616,33.187042,0.103042014,0.14515448,0.26976258,0.439587,2.18471,0.8881395
1006,3.4244428,0.9122455,7.3085175,0.011544158,3.9702606,4.2423463,34.4973,0.22008836,0.11827016,0.25336567,0.21416903,4.611758,0.84422493
1007,3.8780437,0.045224905,8.0598545,0.015567444,4.007675,4.2796993,33.227844,0.13305289,0.079447865,0.22720087,0.23343597,2.174252,0.67238677
1008,3.8816419,0.8677089,3.6332622,0.014058716,5.467849,5.4722204,33.14166,0.15583776,0.105422735,0.28549767,0.39387637,2.2225266,0.9592517
1009,3.7883644,0.49851394,6.768058,0.010690777,4.535719,4.7341185,33.724426,0.15224394,0.16442597,0.22244768,0.26163682,2.6935582,0.8106283
1010,4.016222,1.0400004,4.1009216,0.010190218,5.2196646,5.761946,35.19338,0.109632425,0.1141932,0.29788002,0.3019568,3.0980039,0.7807482
1011,3.8909807,0.82065725,5.0973377,0.015130602,4.8782425,4.9407573,33.898952,0.13277856,0.13730288,0.26136193,0.3799649,2.8813548,0.8454551
1012,4.175558,1.1256385,2.736229,0.03622157,5.7296553,5.9531746,29.262276,0.17947105,0.14568853,0.26181844,0.24574664,6.394296,0.9411335
1013,3.8261414,0.74500537,3.2718668,0.03089875,4.914736,5.9851027,33.908245,0.11534448,0.09702039,0.26690474,0.4829021,3.1562693,0.83337504
1014,3.8817825,1.0856884,3.5945854,0.024441589,4.655957,5.8808956,32.207375,0.121499576,0.10297656,0.24971205,0.41082874,3.8258116,0.73954713
1015,3.5897713,0.52893734,2.8372018,0.042278174,4.9950123,5.9494433,34.31821,0.17251106,0.1616193,0.30831015,0.26534432,3.7453198,0.900203
1016,3.4703255,1.561512,7.2379923,0.025025312,4.1040335,4.8392105,34.518623,0.10892049,0.1247406,0.25759512,0.3956229,1.5574987,0.78722095
1017,3.9016414,0.28415442,3.4863815,0.015846679,5.466133,5.5257034,30.622261,0.14551678,0.142869,0.30854458,0.24683952,3.007329,0.777673
1018,3.992865,1.6721053,5.3838506,0.018720891,5.605277,4.9963512,32.997692,0.106088534,0.13116479,0.27896255,0.36411843,5.0747385,0.9189038
1019,3.7936053,0.9250717,4.667887,0.016102808,3.890524,5.2413635,32.168175,0.115038045,0.15093577,0.260254,0.27988672,2.4322891,0.9550563
1020,3.55297,1.0498543,7.081506,0.017575871,5.176592,3.8475919,33.38679,0.1063343,0.12437296,0.32056525,0.43912363,4.4210515,0.91165996
1021,3.917303,0.7734995,5.7375236,0.011021463,4.810669,5.421769,31.786507,0.104142204,0.11148095,0.31112373,0.23066144,1.61656,0.8152487
1022,4.021328,0.8169496,5.3459964,0.010948381,4.7067986,5.5436316,32.064934,0.1051474,0.11208868,0.3093511,0.25846943,2.1870255,0.90118766
1023,3.8005,2.4866023,5.211865,0.010224084,5.210534,4.9899654,34.184044,0.15657464,0.18744087,0.25710976,0.24665059,1.2858782,0.8191945
1024,3.8952503,1.7263513,6.985152,0.013222554,3.6524506,5.2483788,33.476208,0.13341218,0.07632244,0.30536312,0.23258086,1.1006137,0.77831477
1025,4.2566195,0.4301486,3.8283942,0.025378186,5.183897,5.775244,33.916515,0.15632622,0.16500986,0.20734403,0.43181902,4.620251,0.95728827
1026,3.759297,1.6710005,4.095029,0.010727311,5.013376,5.504504,33.655296,0.17753267,0.16635966,0.24168512,0.26505807,2.0435748,0.87088233
1027,4.120228,2.3027878,6.4899826,0.008085079,4.5012016,4.4427032,34.10137,0.25039682,0.28299904,0.21033305,0.34760094,2.6233597,0.8586464
1028,3.7875853,-0.21818578,7.612505,0.015275389,5.230874,4.7857046,33.69535,0.101072736,0.26293504,0.35700792,0.68311894,2.862218,0.69730246
1029,3.9298897,1.7701089,6.3169537,0.0036839026,4.8069563,4.368171,33.46144,0.10249975,0.32369506,0.20633525,0.36057526,2.60385,0.6781901
1030,3.4357228,0.26831198,4.941932,0.011750823,4.7029867,4.627637,32.46754,0.1024401,0.08430779,0.31144115,0.29053974,4.7404723,0.988624
1031,3.770155,0.03595972,7.258624,0.01979438,4.8837185,4.403406,32.378952,0.10241661,0.069070935,0.32833204,0.28617948,3.7393756,0.9974019
1032,3.7445822,1.3630412,3.6281455,0.027189014,4.2788982,5.8481007,33.931072,0.10051604,0.19521451,0.23363683,0.26591665,2.0613585,0.85311174
1033,3.662127,1.078001,3.3939219,0.0225251,4.4858913,5.896612,34.683792,0.10090932,0.19725347,0.26961926,0.30086535,2.8115125,0.9060659
1034,3.868362,0.26628017,4.3713923,0.02975365,4.475461,5.9256983,34.11887,0.101219706,0.22981882,0.3651261,0.2415797,2.3179276,0.93003327
1035,3.952001,2.277563,5.3514967,0.016759776,5.1052427,5.0824013,32.201912,0.13035429,0.07024646,0.18468648,0.40571028,3.0439873,0.7145498
1036,3.8922153,0.54705715,4.283336,0.010817617,4.3320475,5.5519867,35.84733,0.1787841,0.066722035,0.23515677,0.31411922,2.284907,0.8598967
1037,3.917758,1.2179613,3.895116,0.027242912,5.592881,5.3562126,31.996658,0.16230825,0.1325599,0.2702378,0.27125144,2.9132843,0.916744
1038,3.9242134,0.4638021,4.9751463,0.018210934,3.875804,5.6958504,33.680977,0.13881499,0.12831986,0.21849257,0.34032893,5.879877,0.82908696
1039,3.936428,1.42138,4.10012,0.033211824,4.113352,5.392678,32.48766,0.14242478,0.15149021,0.24416971,0.3170145,5.488792,0.75294214
1040,3.400725,0.31471992,4.7729545,0.017597646,4.697646,5.4733,34.53193,0.15227222,0.10682428,0.2377002,0.27142546,2.0380554,0.81345415
1041,3.5341878,0.1316886,4.582061,0.024677237,3.7312908,5.438675,35.642036,0.17370121,0.054694176,0.184401,0.37475044,1.2052963,0.9493257
1042,3.592732,1.4868605,5.0039325,0.02575283,4.786006,5.0461884,32.623085,0.16128957,0.22976863,0.33680108,0.24788947,5.723125,0.6796693
1043,3.6874962,0.824846,4.5403905,0.01926913,4.858803,4.92142,31.862705,0.15322866,0.2185489,0.3106669,0.24121326,5.4362855,0.749448
1044,3.811531,1.4745448,7.6252112,0.01083893,3.9775486,4.3728795,34.66027,0.18505064,0.10546315,0.2171441,0.2030448,1.623435,0.73579776
1045,3.79628,0.7808089,6.5962296,0.012641455,4.410777,4.9197083,34.027214,0.16260676,0.10288632,0.21200785,0.20434333,2.3315182,0.73205155
1046,3.650144,0.7016604,6.699854,0.008380314,4.6865425,3.9231186,35.609844,0.17481056,0.1951034,0.2291305,0.20628576,4.165161,0.53610355
1047,4.0610676,1.2977724,7.3062334,0.008484926,5.0216827,4.2130146,30.752426,0.12622151,0.15501297,0.3201026,0.20136237,2.0907035,0.9647516
1048,3.8177128,1.7097766,6.0341587,0.009648235,5.0795565,4.7864304,34.677498,0.1753876,0.17352521,0.28267026,0.20407155,2.0127978,0.9295256
1049,3.6162395,0.17975283,4.1663184,0.025834756,4.5924654,5.4328394,32.321297,0.20889485,0.06853747,0.2404334,0.42580462,2.9906995,0.8141499
1050,4.051359,1.7403307,7.0513124,0.0060160924,4.2999687,4.2841687,32.661728,0.20035619,0.15218234,0.22970307,0.23880605,3.32798,0.88559574
1051,3.7511978,0.11197662,3.4490743,0.028704593,5.0831738,5.572241,32.564198,0.11527355,0.08426309,0.29662794,0.31583315,2.915523,0.8884008
1052,3.655027,1.9311697,4.6374407,0.015362233,4.4855213,4.9049006,34.211094,0.25221226,0.1505642,0.19576389,0.22649248,1.762012,0.7359469
1053,3.936088,2.6517925,5.176055,0.013121031,3.980999,5.2395515,33.109512,0.13862026,0.2296207,0.2828215,0.22205248,4.3673334,0.5711946
1054,3.8852334,1.6945281,4.8325415,0.019208334,4.3584843,5.210536,33.025,0.21803966,0.13310337,0.28904995,0.2588098,2.8294697,0.7504062
1055,3.3887796,0.17765808,6.0368257,0.022363394,3.953226,4.62051,34.47056,0.13206649,0.11716068,0.20657015,0.4455055,2.4517994,0.9736196
1056,3.369029,0.6758039,5.712609,0.016557695,3.7557774,4.3491554,34.828674,0.122669764,0.095143676,0.21654552,0.35679388,1.9978237,0.960117
1057,3.778943,0.30551124,2.8392527,0.04881009,4.686824,5.8707414,31.92141,0.18966481,0.14150667,0.32157373,0.3321604,4.132106,0.9423152
1058,3.3721004,-0.22191644,3.9023588,0.03605013,4.793234,5.536009,33.412247,0.12179354,0.17824793,0.25078145,0.37832534,3.0934367,0.60683244
1059,3.319532,-0.8982738,3.7853627,0.058685284,5.3452797,5.3804965,30.617157,0.14169574,0.09897709,0.3056694,0.31957617,7.1306267,0.89835674
1060,3.3284345,-0.90612495,3.753242,0.07283775,5.608034,5.1301785,30.296196,0.12380877,0.0942713,0.29258338,0.31905067,7.864169,0.92445916
1061,3.5074587,-0.0071105957,7.551488,0.02698497,3.9079857,4.051428,29.288925,0.101886734,0.14278173,0.3380366,0.30709743,7.3198185,0.97602105
1062,4.008068,1.891221,7.087552,0.0055942554,4.6465826,4.1276193,35.122635,0.21416727,0.09382379,0.23576558,0.36256155,1.624089,0.7696096
1063,3.7631001,2.9389348,3.6203907,0.02766354,4.0460606,5.6211243,31.631773,0.11200975,0.10936284,0.3014679,0.26143873,4.622365,0.970648
1064,3.852676,0.11457467,4.306735,0.018093312,5.5967426,5.407338,34.10483,0.16157867,0.13354897,0.21251124,0.28850526,1.7958534,0.99661803
1065,3.8115582,1.0259819,4.549009,0.028139612,4.488121,5.2352076,33.688343,0.14252302,0.17322958,0.28475285,0.33220774,5.4253235,0.9932093
1066,3.6515398,0.59252,4.149582,0.020816354,4.895027,5.5232005,32.2525,0.1513534,0.08263719,0.23668042,0.3886395,1.934684,0.95717597
1067,3.650227,0.29575872,4.9042583,0.027310044,4.803735,5.027114,34.095043,0.19382599,0.09218025,0.27305847,0.42679992,5.687414,0.9789954
1068,3.6279645,1.3435845,4.4643207,0.018712988,4.945798,5.506068,32.587593,0.10727727,0.1276958,0.25096595,0.21259673,1.0589734,0.83441395
1069,3.618771,1.1944523,3.917441,0.0141616035,4.7618303,5.3154106,32.21296,0.10877509,0.13858044,0.2431109,0.21969232,1.0562068,0.8568808
1070,3.839826,2.7457266,5.3711934,0.016256157,4.7853546,5.4959197,32.749012,0.19379574,0.11709595,0.30287874,0.46895385,1.1352603,0.91889024
1071,3.7762198,0.455225,4.7011623,0.018498994,4.2975674,5.751625,33.7788,0.11903791,0.047802806,0.22782418,0.21297956,1.1289878,0.6056099
1072,3.457665,0.646662,5.0640287,0.020583682,4.820856,4.9819,32.106575,0.18873717,0.13638127,0.27125183,0.20832352,6.0885725,0.88769704
1073,3.8507752,0.0025634766,4.992041,0.013787498,4.2181244,5.5003166,34.129196,0.12170158,0.16460133,0.27130398,0.20398515,1.2809131,0.9683709
1074,2.7220492,-0.6042259,9.131802,0.025836935,3.706478,3.1149275,33.79857,0.15237585,0.12645996,0.22440189,0.2028291,3.197459,0.7445533
1075,3.6950316,-0.067468405,3.1721342,0.024392188,5.199539,5.6496105,35.02391,0.13351454,0.027905583,0.22179635,0.35584247,2.788737,0.8292117
1076,3.8324308,2.446199,5.9412537,0.01026976,4.7444305,4.9139404,31.55735,0.11418686,0.23440254,0.27928242,0.42541176,5.1201506,0.79492605
1077,3.7341323,2.7807899,6.4548197,0.0096247215,4.236703,4.5741377,31.51602,0.11271779,0.23471951,0.33646667,0.59107554,4.341058,0.88420165
1078,3.6268144,-0.22222006,3.0761838,0.035707347,4.7315464,5.6627417,33.725998,0.17077698,0.03229761,0.16166624,0.20520489,2.9868522,0.78050834
1079,3.8968492,0.97369266,7.270996,0.0071306997,4.5630455,4.441781,33.437065,0.118204355,0.19152677,0.3731582,0.38396424,3.1068318,0.694381
1080,3.6265178,0.20431733,3.355752,0.034244757,4.1382065,5.79576,34.52066,0.20485449,0.101023436,0.23277214,0.3024015,2.8890424,0.962412
1081,3.7727218,1.1868532,2.8443544,0.026392637,5.229107,5.926824,32.983032,0.1447329,0.17508364,0.28677773,0.30600837,2.6256676,0.82669735
1082,3.7774196,-0.5209627,4.0154767,0.019962946,5.425812,5.4388447,33.997578,0.14148378,0.18200004,0.24847656,0.31907722,3.0397658,0.8635579
1083,3.8588104,1.9256849,4.466574,0.018222779,4.597293,5.1396027,31.584082,0.109252125,0.08492267,0.28106052,0.3137763,4.9522467,0.91139686
1084,3.6553392,-0.13735032,5.6748624,0.023136102,4.707552,4.871291,34.37825,0.11947006,0.21691537,0.291036,0.2848458,3.077491,0.73419696
1085,3.80088,1.7219858,3.6656609,0.025606466,4.1916256,5.593991,32.12313,0.12342136,0.13175237,0.23550573,0.2666393,3.5016296,0.9495523
1086,3.6690054,0.17908001,3.7210531,0.031473342,4.364127,5.798235,34.901184,0.20669973,0.14884138,0.25741294,0.38612553,3.3562846,0.9540781
1087,3.9215775,1.0559509,4.0975213,0.037813608,4.5472326,5.7830925,31.040655,0.13021843,0.18811071,0.28619128,0.30347496,4.9770775,0.9951998
1088,3.755465,0.95244694,6.09762,0.023904214,4.834795,4.7632008,29.71313,0.13388766,0.08200443,0.2520355,0.28829485,5.6868677,0.6068884
1089,3.7035666,1.316313,4.2998734,0.016917499,4.4695663,5.4664574,35.063896,0.11598224,0.15793383,0.3262678,0.3490394,1.70841,0.9809853
1090,3.8171272,-0.07434249,6.3957586,0.0152757745,5.0958166,4.4338665,33.150707,0.11127038,0.013660908,0.27804708,0.34669375,4.717735,0.9045757
1091,3.867734,-0.27709556,6.407477,0.012543102,5.311096,4.5494947,35.54017,0.14764,0.10252392,0.22884557,0.21548523,1.9912517,0.589515
1092,3.8106747,2.7678647,3.4759333,0.036897756,4.0103035,5.5135994,32.51645,0.13941951,0.15557396,0.2552665,0.23542789,3.7665985,0.9952914
1093,3.7350307,0.4950421,4.912649,0.018013038,3.9080725,5.6478105,33.73645,0.119259395,0.22078013,0.27591363,0.23479038,3.2151392,0.88306004
1094,3.7269874,0.6595268,3.6000657,0.019128934,4.678994,5.5853567,32.98446,0.13852929,0.14840114,0.27295545,0.24559042,2.3826728,0.6205116
1095,3.9987946,1.4422743,4.7273436,0.014899686,5.086547,5.5551853,34.567062,0.12012482,0.18553305,0.2521241,0.29667807,2.590025,0.8909987
1096,3.849515,-0.020441651,3.841705,0.023892306,5.173889,5.4450917,31.98547,0.11050063,0.103272915,0.34222266,0.35284245,3.8370497,0.9760104
1097,3.5490642,1.0733807,4.3719463,0.031001225,4.302367,5.787442,34.562645,0.32859164,0.1739415,0.15601729,0.3029749,2.3431935,0.9027028
1098,3.650754,1.3859634,3.5644312,0.030396855,4.065178,5.6738257,34.22377,0.1999427,0.16352618,0.17204028,0.31944704,1.8940742,0.82531255
1099,3.6624966,1.0365889,2.8639603,0.021382064,3.9840403,5.3948526,33.749527,0.2792301,0.17162168,0.17531304,0.3432666,2.0265741,0.7755798
1100,3.8221474,-0.17384386,4.6486053,0.03193857,4.8184795,5.808447,31.90651,0.22496082,0.06996834,0.20465164,0.28812099,3.8903265,0.9243
1101,3.7752848,1.7669699,4.232342,0.015170422,3.952962,5.7325253,34.18859,0.12251892,0.1718905,0.33296287,0.23765281,1.0908844,0.87029153
1102,3.906814,1.5205703,4.810116,0.016531387,5.3435555,4.9791584,33.511215,0.10827478,0.15263617,0.25453532,0.27901706,1.187882,0.7409788
1103,3.8849173,0.29788446,5.164939,0.0144243045,5.1792126,5.5815115,33.178146,0.10591491,0.19941342,0.30895537,0.28566515,2.3175778,0.79453653
1104,3.8684654,0.9303589,5.6555834,0.019369286,4.710025,5.362201,31.559498,0.11153125,0.10763323,0.22568819,0.38732332,6.4693246,0.94823027
1105,3.3966956,1.0207524,4.035727,0.056716744,4.127492,5.798072,30.64169,0.12722479,0.11696732,0.34910417,0.25169513,5.2761135,0.9417437
1106,3.9730449,0.36063218,5.467125,0.011156001,5.098934,4.460453,32.981087,0.19994155,0.15044498,0.16483457,0.3111693,1.2856752,0.9125965
1107,3.531003,1.0613954,6.1469097,0.016981544,5.064307,4.706458,34.059048,0.19867197,0.1431855,0.16836762,0.27586144,2.327321,0.8509928
1108,3.695969,0.78296757,4.1112547,0.04000273,4.6157846,5.839241,33.778587,0.17719814,0.079518795,0.2147654,0.37129897,3.6405814,0.86010593
1109,3.8071275,0.60792613,6.4237447,0.00808613,4.2517576,4.854786,34.39658,0.14443552,0.12772906,0.23884416,0.3350683,2.6057162,0.8208664
1110,4.268443,2.6119585,6.734309,0.008723004,5.407819,4.3931713,31.077343,0.15046108,0.09277439,0.34458184,0.31158316,3.471797,0.9483206
1111,4.3161726,2.3167806,4.087796,0.009125494,5.450075,5.2493286,33.895786,0.21151745,0.09693241,0.19202968,0.3665263,3.3597078,0.93432003
1112,3.679778,0.76639247,7.1977715,0.007996013,5.396017,2.8628025,29.498264,0.11821313,0.21098661,0.31669062,0.35430712,7.2220974,0.7608217
1113,3.961215,1.2310646,8.637218,0.01009326,3.9253159,4.398222,35.047024,0.12771377,0.116886854,0.2526134,0.29738188,2.6977062,0.96363163
1114,3.9744034,-0.18665147,3.3832793,0.02225599,4.8517466,5.762603,34.061493,0.11206648,0.07969892,0.24931803,0.2606669,3.5157847,0.8434426
1115,3.9807324,0.7235038,6.5198736,0.010214896,5.5789394,4.6241474,32.958786,0.14829735,0.10421693,0.28236252,0.37254155,1.0192592,0.7687366
1116,3.6245837,1.4810576,2.9558582,0.0230726,4.390642,5.7391295,33.16309,0.11283339,0.1484487,0.2788344,0.24848935,1.2384942,0.96902645
1117,4.3221893,0.78445077,6.924355,0.016704367,5.0361385,4.7162023,30.174034,0.102448024,0.13941157,0.3088275,0.32854944,7.589974,0.8032622
1118,3.487948,0.9812429,4.991013,0.028415633,3.644906,5.402297,35.381943,0.20392856,0.13946986,0.2495009,0.2366767,1.5032439,0.66856515
1119,3.7644868,1.0389314,4.1681275,0.03119236,4.647664,5.6301575,30.705269,0.15667006,0.11749995,0.24289459,0.39493597,6.2369814,0.94451433
1120,3.3507767,0.333951,4.540159,0.03672311,3.9558372,5.2123694,33.465836,0.21174332,0.25754964,0.22333562,0.36901957,4.000397,0.68181914
1121,3.527493,0.58390665,4.367156,0.038050406,4.247651,5.3130207,32.480118,0.1760442,0.26704228,0.20436335,0.40752596,3.4272444,0.17806016
1122,3.6912255,0.7082696,4.1377635,0.019298207,4.7142143,5.492909,33.72583,0.13381858,0.094190955,0.2958323,0.3213603,1.5494056,0.9997958
1123,3.5939322,0.5404098,5.1191554,0.015036492,4.869295,4.718605,33.350773,0.19410199,0.14652407,0.22654742,0.26296297,1.3913217,0.39685002
1124,3.7463288,0.08933878,3.5750434,0.015379148,4.739353,5.7538905,37.517586,0.1705148,0.13948584,0.2709503,0.3387371,1.2423303,0.80558497
1125,3.8292127,1.2619421,5.033782,0.014687064,4.179162,4.936346,34.03612,0.2076053,0.16711128,0.2382195,0.44523203,6.8248405,0.92012674
1126,3.9784555,2.777717,4.7581177,0.01327814,4.5462627,5.5288296,31.836063,0.1529722,0.18859708,0.2590078,0.30235076,2.805712,0.9457959
1127,4.0092907,3.2552328,4.0486913,0.014064342,4.718837,5.2641964,33.346058,0.19883227,0.15855098,0.27268302,0.47484857,4.9109745,0.9478473
1128,3.6530423,0.33702445,9.066969,0.008229576,4.416747,3.4305372,34.105824,0.18247053,0.16904247,0.18114294,0.23493586,3.227532,0.6946203
1129,3.770872,0.4958167,3.2385325,0.029849835,4.9036674,5.9441075,31.153477,0.17385252,0.11412823,0.24501315,0.21932198,4.411112,0.8706133
1130,3.7147512,0.22160268,3.9720597,0.021972993,4.8132505,5.6646976,33.79477,0.13406917,0.079805374,0.30723035,0.21849948,1.963752,0.64908636
1131,3.6815434,0.5311432,3.8205566,0.034521904,4.4397545,5.594644,32.763397,0.17035067,0.17455328,0.24169564,0.29606387,3.4042902,0.92249256
1132,3.6772609,1.9140804,2.9908328,0.020013507,3.6546764,5.9592514,34.35615,0.1817298,0.23520458,0.22684872,0.6230754,2.3203983,0.8235703
1133,3.6041532,0.29243088,5.751894,0.029162953,5.6603565,4.575808,28.801327,0.15087081,0.08225262,0.28813273,0.20577955,8.587139,0.93587387
1134,4.2150946,1.8492298,3.608358,0.033563923,3.7419586,5.763252,31.652802,0.16098076,0.29747033,0.2701897,0.7992497,9.816645,0.84542894
1135,4.104701,2.4833307,6.138506,0.014764036,4.773485,4.1549215,28.52797,0.14751777,0.32456136,0.26049873,0.5619944,9.733711,0.9017214
1136,4.4257355,0.7379372,3.784207,0.039159197,4.3661413,5.2164326,26.566599,0.12622795,0.30555964,0.2849622,0.6779295,9.970213,0.39699182
1137,3.9474998,0.488626,4.8386636,0.040573403,5.4372025,5.807616,26.595701,0.1105203,0.3507154,0.20976761,0.558334,9.880969,0.64572984
1138,4.211791,2.3332987,5.611614,0.036534715,3.874546,5.486041,27.407204,0.12326618,0.14003849,0.27994344,0.29360634,8.463853,0.92877084
1139,3.805324,0.17944431,4.1212993,0.022301678,6.029648,5.6432676,31.669037,0.22472,0.059535265,0.243186,0.2574873,3.5291324,0.6051585
1140,3.5544019,0.18705392,4.7375197,0.03765972,5.377816,5.4642763,31.141766,0.14174998,0.12741625,0.23092338,0.24533202,5.93631,0.49070013
1141,4.063287,3.4231853,4.547844,0.02099611,4.2137604,5.8499775,34.502594,0.17166018,0.097231865,0.28984693,0.3134058,3.2121232,0.9703002
1142,3.8244328,0.56354547,3.536017,0.016992096,5.444556,5.02684,30.29649,0.14063373,0.099567056,0.27055377,0.25723362,4.972432,0.82991713
1143,3.9468107,1.2628202,5.223444,0.030854532,4.739661,5.6338215,32.738823,0.14035967,0.124061346,0.25877595,0.23229213,4.8001018,0.7404652
1144,3.7113295,1.0432396,4.8061714,0.028888928,4.837248,5.4756813,31.664537,0.15230827,0.1446544,0.25693688,0.22661038,4.5664444,0.7447901
1145,3.66646,0.6226313,3.6438468,0.030058498,4.251603,5.6018543,32.605225,0.13346025,0.0884428,0.2822604,0.24035138,4.2492094,0.6719961
1146,3.8897843,0.72103,6.1301603,0.010137491,4.901655,4.644927,35.41642,0.106790304,0.15839744,0.31855538,0.26259765,2.6960523,0.8796387
1147,3.749619,1.0910072,4.218597,0.020760614,4.9058228,5.4166927,32.963615,0.105829395,0.07579899,0.28738734,0.33613318,3.6153977,0.88971776
1148,3.7887478,1.507621,4.9995937,0.016959073,5.196123,4.9235497,31.1622,0.122881696,0.103485584,0.28618345,0.24195018,4.093779,0.7803394
1149,4.0892363,1.4680183,3.1983185,0.024065347,4.734562,5.88646,34.134468,0.15594682,0.1355362,0.2545802,0.37394333,3.2156582,0.8454228
1150,3.7146883,0.8760941,4.0615535,0.01881929,4.683284,5.7585144,32.774178,0.15163353,0.14633906,0.22716427,0.26265752,2.4573553,0.9397459
1151,3.731886,-0.055214643,5.0284038,0.030516628,4.7722588,4.887974,33.909824,0.12874122,0.11829126,0.35171336,0.25618762,5.994415,0.8795273
1152,3.3209386,1.0213819,4.362484,0.03251241,4.156872,5.735488,34.15303,0.13657998,0.10928273,0.23302606,0.28827307,1.6649866,0.7496189
1153,3.772852,0.4840114,4.5829897,0.018953554,5.023855,5.313442,34.11658,0.13523322,0.13573503,0.28646383,0.30246878,1.061246,0.9168728
1154,3.837232,2.0105286,5.5400333,0.013771111,4.477354,4.9120235,34.071728,0.10069551,0.09331453,0.281359,0.37219015,1.2398118,0.9648201
1155,3.7790637,1.776514,5.9049616,0.0157218,4.5518894,5.1928105,33.68038,0.10058768,0.072844505,0.29121268,0.3339532,1.1584918,0.96417487
1156,3.966988,2.1764288,5.214285,0.009461243,4.999363,4.9820585,33.082775,0.10205749,0.064993024,0.3160346,0.45870286,1.2382193,0.93749315
1157,3.7156367,0.87731886,3.3688173,0.020300297,4.5330353,5.7073708,33.587044,0.1529009,0.15923345,0.2611473,0.21532525,1.0362002,0.68676466
1158,3.5740767,1.393934,5.953455,0.013865655,3.5296383,4.640409,34.062965,0.14053339,0.047587276,0.25210732,0.54434603,1.933144,0.9212132
1159,3.574422,2.2147303,6.7727785,0.0067169955,4.282136,3.865394,33.267548,0.21215329,0.045856357,0.3061012,0.38294283,2.6298165,0.87631744
1160,3.6978369,0.74633217,3.569861,0.016877139,5.696683,5.737751,33.16259,0.113292664,0.17960477,0.334781,0.20998411,2.6013036,0.868333
1161,3.3722897,2.0429735,4.916232,0.024140423,4.0449467,5.0231547,31.48851,0.12848693,0.04598546,0.16127911,0.302755,2.3315182,0.93472236
1162,3.8072128,1.3872948,4.6575823,0.025674637,4.5929384,5.5536346,33.176636,0.116292134,0.093574524,0.20897487,0.42706895,4.6617427,0.7273393
1163,3.4047918,0.020714045,3.508078,0.03934582,4.430813,5.452883,33.484962,0.25453517,0.09677386,0.28656894,0.24817558,2.8595276,0.9590375
1164,3.668261,0.5444033,5.46219,0.023287633,3.8423424,4.981291,33.66815,0.103372455,0.17408156,0.25690243,0.389189,2.3278718,0.68677115
1165,3.5760398,0.45709586,3.4129336,0.020807661,4.847801,5.678442,33.55721,0.12121235,0.10986745,0.30668217,0.24749894,2.9569001,0.93984824
1166,3.7061372,0.19792247,5.6955953,0.024698926,4.2612257,5.3877697,32.91492,0.11432865,0.10418391,0.27235854,0.39368773,4.5457206,0.74248606
1167,4.0325623,1.8973374,4.5084934,0.009455796,5.359416,5.2031755,34.07142,0.2041361,0.15921319,0.17346987,0.2309114,2.5255885,0.9261101
1168,4.138301,-0.22373307,4.837251,0.012426916,6.7911224,5.24323,34.37775,0.10391515,0.12980247,0.32995585,0.47648156,1.1538178,0.92390025
1169,4.071829,-0.40048933,4.564275,0.008377295,6.681534,5.0944138,33.43296,0.103150494,0.1141454,0.3401536,0.5315526,1.1306312,0.911995
1170,4.033847,1.4258313,7.5340185,0.0068912203,5.035799,4.1872597,33.46199,0.13178739,0.16259527,0.2646886,0.21660276,1.5035355,0.83746415
1171,4.1693554,1.3757257,7.8592796,0.0031788582,5.5301723,3.6279087,32.845737,0.21449122,0.05385065,0.23954138,0.23514181,4.338089,0.7343754
1172,4.2511053,1.1664193,8.180727,0.004712097,4.8870287,4.4470606,34.633457,0.14352971,0.091867924,0.283288,0.28499377,2.5531137,0.7924401
1173,4.012577,1.7445071,5.747043,0.008341078,6.157242,4.4133606,31.019417,0.19416593,0.14804113,0.23341253,0.3685482,4.182701,0.87646466
1174,3.9853497,-0.016942024,4.085334,0.02351249,4.747658,5.847531,35.27156,0.20482272,0.13271844,0.23152229,0.26112843,1.9566598,0.84661984
1175,3.8084264,0.45803905,4.0014963,0.027746236,5.1173267,5.753687,33.626385,0.26453343,0.13289762,0.22992909,0.28007734,2.567343,0.7449741
1176,3.551351,0.4936428,4.5329285,0.023018947,4.871559,5.390019,33.188896,0.1981858,0.13115764,0.24308214,0.28066233,2.3428712,0.7018058
1177,3.60987,0.51427054,5.334393,0.031160006,3.8152962,5.0554605,34.20703,0.17901702,0.106203675,0.31077272,0.3023722,3.5398796,0.8260652
1178,3.4279585,0.7482946,6.1398067,0.025127774,3.9248486,4.986844,33.987507,0.18503326,0.11430979,0.39369667,0.33374488,2.1657734,0.7907912
1179,3.3072963,1.1098447,5.029628,0.025357008,3.960208,4.820449,34.12337,0.15461862,0.09333849,0.3491231,0.36751497,2.8302984,0.7217087
1180,4.130517,0.76683784,4.690797,0.009376157,6.1394672,5.0233717,31.285265,0.110365346,0.14247942,0.3221278,0.38600317,5.227196,0.94560844
1181,3.2070994,0.5419831,2.80273,0.069758065,3.561019,5.937734,34.221428,0.22139704,0.08818722,0.29792657,0.36316097,2.4119213,0.8337268
1182,4.1879435,0.14688897,6.57104,0.0040585375,5.909997,3.9952643,34.401573,0.112557925,0.20082223,0.34462625,0.30138692,3.0998929,0.8176497
1183,3.523901,1.5496244,3.081781,0.04059808,3.592308,5.8034544,32.902615,0.18208914,0.076538324,0.24446714,0.26367468,4.9049225,0.9668354
1184,3.7442245,0.56056905,7.785801,0.006654268,5.69326,4.087183,34.467476,0.13514996,0.17720878,0.27635783,0.24258202,4.519447,0.8870804
1185,3.6916943,2.7797213,3.805224,0.023457354,4.6873627,5.430355,33.270924,0.12187022,0.09027922,0.27714258,0.2717818,1.3645602,0.79845285
1186,3.9082575,1.0377069,4.1696506,0.021588922,4.642316,5.7229323,32.5058,0.10988574,0.20115733,0.32042205,0.36125088,6.971233,0.79697675
1187,3.6481357,0.6407354,3.5592942,0.036828388,3.8588085,5.811758,32.304802,0.11508777,0.2551037,0.30617768,0.23284492,3.1394222,0.81765693
1188,3.7848787,1.1626308,4.393461,0.014647528,4.931923,5.103291,32.66753,0.10847366,0.03364384,0.2589855,0.39674962,1.8650184,0.8905241
1189,4.0404596,1.3199406,5.7814684,0.011900542,4.3679733,5.207529,32.459282,0.1905717,0.13683951,0.30014858,0.25937805,4.159376,0.9059277
1190,3.7032118,2.4027586,4.4819684,0.021470983,4.653675,4.9343295,32.72654,0.1624966,0.12191808,0.25064352,0.27447358,3.8097987,0.688728
1191,3.8175135,1.5489275,5.2702584,0.015791068,4.6816874,5.4435377,33.703026,0.11947503,0.051227212,0.31716615,0.30633694,3.2955608,0.72061056
1192,3.8631053,0.8509655,4.8373685,0.016397802,4.806402,5.444369,32.790287,0.13713326,0.055056334,0.26535836,0.29923797,3.0087876,0.856067
1193,3.843902,1.1660786,5.1509075,0.011628148,5.147915,4.8072386,34.627525,0.18644816,0.18687057,0.27825436,0.24936223,2.5951216,0.8975772
1194,3.8490515,1.012392,3.8749685,0.017954947,5.2057686,4.9119616,31.677626,0.10612219,0.091023445,0.26371884,0.28738973,4.263899,0.9678794
1195,3.702846,0.11517668,5.9483566,0.019377451,4.8983107,5.355318,33.921562,0.1019786,0.1462512,0.22375968,0.36064857,4.587045,0.96175635
1196,3.5285873,-0.056909204,3.744079,0.019047562,5.255682,4.7647567,32.40693,0.10167968,0.17959094,0.28114665,0.3756429,3.227568,0.8902025
1197,3.6974502,0.43753147,5.879944,0.025807273,4.824027,5.287074,34.37227,0.10114124,0.2278614,0.20140305,0.36798167,2.3396358,0.70007175
1198,3.8792553,1.6720562,5.2951317,0.019817242,4.3340626,5.392228,34.913765,0.20197693,0.1483109,0.3724251,0.2597993,3.6791062,0.9454377
1199,3.809557,1.823956,4.9260626,0.01132983,4.985132,5.093566,29.899696,0.13004406,0.16208804,0.25328007,0.39037436,4.525977,0.8808796
1200,3.9456706,0.74029255,6.1325097,0.02474813,4.193082,4.708338,32.772316,0.103788875,0.14583242,0.24976501,0.44919407,7.796777,0.79687613
1201,3.474824,0.7481284,4.2933254,0.021916803,5.1150217,5.643551,34.48317,0.22599116,0.106283784,0.296878,0.20088571,1.374937,0.7877215
1202,3.7322679,3.0681038,4.3178606,0.024433408,3.7480412,5.3423166,31.09372,0.14641654,0.075241685,0.20439467,0.20146787,4.0758142,0.62419486
1203,3.3391004,-1.0672553,3.3325372,0.032552436,5.680808,5.786384,35.370625,0.108943135,0.17060292,0.29065922,0.34772533,1.504718,0.8253107
1204,3.756001,4.0596194,6.67635,0.021469263,3.6039238,4.3419437,32.18786,0.19277391,0.07685721,0.22362785,0.2537425,7.874213,0.71401
1205,4.0602894,-0.87876415,4.6106706,0.026693316,5.6837387,5.662442,32.240234,0.11029663,0.17976367,0.31358677,0.27276352,5.5495806,0.98272187
1206,4.283245,1.387661,5.078491,0.021454377,4.9865417,5.4752274,30.861904,0.113459036,0.09003639,0.23369488,0.2257977,8.257208,0.97396785
1207,3.568818,0.47072625,4.0022073,0.029546404,5.6098223,5.429492,31.895227,0.2009767,0.16452563,0.3138578,0.41255176,5.1779923,0.7939987
1208,3.845901,2.8919458,7.679834,0.0081720175,4.8479033,4.152119,32.55335,0.14742997,0.083637476,0.27341378,0.35402718,3.694496,0.9833662
1209,3.6809945,0.21140766,7.672962,0.007400814,3.6344929,3.8892918,35.178436,0.11953308,0.18393135,0.36140487,0.24593368,1.9081511,0.70804465
1210,3.5190187,1.5816636,7.0054884,0.018522035,4.6645784,4.278883,32.93802,0.120904595,0.12231624,0.3528905,0.25959092,2.477417,0.9344135
1211,3.7035947,1.1353395,3.6528933,0.017715467,5.4981422,5.7183537,32.38312,0.25737488,0.15265787,0.23707706,0.3805725,2.0611115,0.8425576
1212,3.732318,0.20091438,4.482502,0.021969346,4.5175133,5.261179,34.519028,0.12606134,0.116065145,0.25540718,0.32557437,1.7864962,0.891326
1213,3.8480115,1.0187848,4.7574053,0.015095334,5.2872705,5.4177485,32.404076,0.21313985,0.10250819,0.2658836,0.23630641,4.5808816,0.80980617
1214,3.501803,0.48781395,4.257283,0.03269482,4.2399616,5.0545087,32.936764,0.1503826,0.13106227,0.29550928,0.278517,4.2899365,0.9925141
1215,3.885666,1.3061786,5.0938015,0.014925232,5.2389584,4.798978,32.97715,0.2087697,0.11960828,0.23728192,0.27153632,4.0195093,0.79740065
1216,3.659217,1.3024445,6.160816,0.016498223,4.8408413,4.862112,33.050915,0.22445738,0.088124394,0.23810634,0.26838803,3.7986631,0.8291757
1217,3.7427511,1.5872817,5.901337,0.015399617,4.9796696,4.9892035,32.397987,0.2048715,0.07576966,0.2395406,0.27808025,3.4992735,0.7022461
1218,3.5972247,0.36807823,3.9416232,0.027601363,4.881956,5.2865047,31.37679,0.12961762,0.15045619,0.29330683,0.2912518,3.8510365,0.95414597
1219,3.8858662,1.1204252,5.3069105,0.03199987,3.998827,5.040798,32.341442,0.21674576,0.1128943,0.24767613,0.24202538,5.670577,0.77312046
1220,3.595788,0.7987902,5.082032,0.012674363,3.9784603,5.200132,34.695923,0.16880791,0.121935844,0.2510436,0.267117,3.126734,0.6276247
1221,3.911181,0.052987337,7.6764894,0.01834393,5.029068,4.6307297,32.61656,0.11974815,0.1303227,0.21313298,0.2135886,1.62945,0.94115704
1222,3.745964,0.23922038,6.778346,0.017659662,4.985466,5.26955,31.333113,0.1154698,0.08750975,0.1932441,0.2115423,3.0539157,0.7342419
1223,3.7036886,2.5191274,3.3614123,0.021304997,4.2097054,5.894848,33.631866,0.10012135,0.12610018,0.2676059,0.39294618,4.563016,0.8573903
1224,3.6673012,0.4267459,6.0339546,0.014007492,4.316641,4.7731194,34.902172,0.11169755,0.08541787,0.28767982,0.25045767,3.9806714,0.84114164
1225,3.7446785,0.11260319,3.6909986,0.023730166,4.6021643,5.8308887,33.09076,0.15523939,0.14008701,0.30709684,0.40272307,2.8647754,0.86476123
1226,3.774603,1.2320395,7.772476,0.013025186,4.435054,4.87801,34.649746,0.14241683,0.15663159,0.22772008,0.3030075,2.8124766,0.7353797
1227,3.8432417,0.74024105,7.0800066,0.015589011,4.120368,4.4137287,33.34663,0.1563644,0.14094889,0.24072528,0.31782103,1.9980156,0.7533846
1228,3.7348223,0.9133382,3.0471888,0.014209188,5.1335716,5.144004,34.89252,0.1610541,0.1250385,0.25525567,0.23686045,2.1473112,0.8887525
1229,3.8911562,0.10144186,4.0319786,0.030428872,4.612031,5.6070094,33.364143,0.1926626,0.12861788,0.23558718,0.22104071,5.4221845,0.7115308
1230,3.3785586,0.81665087,3.7318578,0.048275363,4.1382017,5.72934,31.985168,0.17451037,0.014382124,0.24268511,0.2112687,3.8013988,0.6603129
1231,3.5333319,0.76057386,5.2344894,0.022599787,3.7362766,4.9863186,33.782272,0.14311916,0.20109975,0.22237985,0.24411888,3.6626189,0.84101766
1232,3.548058,-0.057557106,5.7931347,0.016108375,4.7568035,4.655697,33.035095,0.20613113,0.17123961,0.19434962,0.37414908,2.1168222,0.7626207
1233,3.4990602,0.18514037,6.0477295,0.01645165,4.772996,4.4338675,33.17847,0.20283154,0.17925143,0.19131936,0.44582552,2.440134,0.6652373
1234,3.5113635,0.6346743,5.142133,0.017116327,5.040742,4.7839093,33.081,0.19591084,0.2126801,0.20101257,0.35956523,2.9276037,0.7341261
1235,3.806974,1.7205849,5.4944754,0.014005931,4.655875,5.2425375,33.454617,0.14950483,0.12950873,0.35060322,0.2807442,3.8637626,0.87383384
1236,3.6105456,0.56914234,4.365697,0.035730883,4.381132,5.001624,32.08754,0.11454141,0.122320056,0.22605696,0.31233555,4.022007,0.89887166
1237,3.6220803,0.4115672,6.0020037,0.017594736,4.298362,5.2341213,34.704292,0.15068519,0.10481274,0.19868106,0.3774489,6.839759,0.9163581
1238,3.659751,1.1946487,2.7802582,0.026565244,4.514431,5.623829,33.326004,0.116965845,0.15403259,0.29259816,0.34043273,1.0692894,0.96838087
1239,3.4628258,0.8601074,5.060665,0.022575213,4.2117023,5.2911005,34.55419,0.20452935,0.1348232,0.2898651,0.3468096,1.1442406,0.911404
1240,3.9660363,0.58115816,4.6417975,0.012599224,5.2830143,5.535495,35.278446,0.10574294,0.09650791,0.25629774,0.28965148,3.1354456,0.9681272
1241,3.7977228,1.5693064,4.015925,0.021650106,5.122816,5.5188313,32.633083,0.116928615,0.17556417,0.33208257,0.24585697,4.535201,0.74970126
1242,3.7399793,0.4806795,4.956578,0.017424852,4.8949823,5.507354,34.3485,0.20673883,0.16925955,0.17158735,0.28731376,3.8544557,0.80573565
1243,3.894617,1.071538,6.38805,0.010538484,4.3987045,4.4862175,34.865105,0.16012295,0.07928407,0.3251383,0.39469153,3.364773,0.89931875
1244,3.7070193,1.2903385,6.3305273,0.010665756,4.3436146,4.751219,36.387802,0.13398002,0.13621712,0.29102668,0.42505744,4.8559694,0.84895855
1245,3.4558396,1.4788973,5.4865355,0.019341286,3.7844896,4.9827566,31.728973,0.14941365,0.05492437,0.27265972,0.254239,2.3973722,0.9078931
1246,3.7985559,1.0251796,4.994607,0.02330953,4.2258596,5.5218573,34.923203,0.17930758,0.1388048,0.24176618,0.2326585,3.5511215,0.63965505
1247,3.9200706,0.1156435,5.380616,0.013563374,4.270838,4.940246,34.318798,0.13156968,0.018936157,0.19809061,0.3838949,2.4530673,0.74930733
1248,3.9691715,1.6804738,3.2922158,0.02658467,4.929714,5.7468157,30.97296,0.117064886,0.2178427,0.25107646,0.2406574,3.1035945,0.9106405
1249,3.925232,0.291142,5.388696,0.021170363,4.6108646,5.6913843,34.17166,0.14423351,0.007760167,0.25476345,0.40424216,1.7994626,0.8345174
1250,3.7353659,0.7370448,4.609709,0.014311325,4.862252,4.629384,34.087814,0.12952822,0.021137953,0.22450683,0.38927633,4.34813,0.98234224
1251,3.34336,0.48177123,6.1066403,0.015593371,3.7950602,4.816487,33.79561,0.14792754,0.19401205,0.2893949,0.31801084,1.1028699,0.648342
1252,3.6674385,1.5089004,5.328725,0.017564274,4.3004837,5.3836393,33.225334,0.1483175,0.19852805,0.2525297,0.26464087,1.0336871,0.91212654
1253,3.6674385,1.5089004,5.328725,0.017564274,4.3004837,5.3836393,33.225334,0.1483175,0.19852805,0.2525297,0.26464087,1.0336871,0.91212654
1254,3.9455729,0.45745277,5.587352,0.014773167,5.245907,5.2635956,32.371582,0.14755666,0.049899697,0.2526949,0.30104807,5.7819414,0.9052798
1255,3.7370348,0.75303626,4.444687,0.025768423,4.2362795,5.402216,34.02508,0.15639082,0.15826285,0.23968032,0.33043712,2.059105,0.6814309
1256,3.6901712,1.217056,5.3816457,0.014035806,4.852992,4.775205,32.84172,0.12382515,0.17938173,0.3809965,0.49574512,4.439803,0.90828335
1257,4.1755686,1.8981922,4.2942185,0.023512008,4.7676888,5.483116,32.474854,0.10743794,0.27962494,0.19549724,0.7780475,3.7587643,0.8381399
1258,3.7321067,1.5410917,2.9990768,0.030925946,4.1653585,5.831954,32.311638,0.22186896,0.30467534,0.36583778,0.8306604,3.7860363,0.41050285
1259,3.6532197,0.91537046,3.3522556,0.03586783,4.5522404,5.9161634,32.455368,0.15474829,0.3303511,0.29383135,0.80440205,4.1324377,0.44799566
1260,3.4461226,0.11233091,4.8123274,0.030210016,3.886612,5.229042,34.561844,0.25046805,0.30897963,0.16994657,0.38294035,2.7889476,0.87660724
1261,3.537703,0.7689805,4.7287498,0.02179275,4.438943,5.092326,33.35967,0.119744025,0.28162825,0.22014725,0.41651648,1.9309444,0.31504902
1262,3.9208632,1.1258771,5.3004165,0.01233549,4.5194054,4.4761496,34.20377,0.12980811,0.100298405,0.2555237,0.33221167,3.3374414,0.976219
1263,3.3095312,0.3016019,4.177632,0.038561277,4.594468,5.1726456,34.57748,0.13062742,0.06910682,0.2748322,0.29194036,1.2438004,0.57230294
1264,3.533249,1.5723436,4.474628,0.02542407,4.3295946,5.5388374,32.000023,0.24773082,-0.008430541,0.23719892,0.4188233,1.3135657,0.9125209
1265,3.66425,0.68766,5.829055,0.016303618,5.319725,4.8486996,33.005157,0.12491551,0.24248838,0.23550579,0.36362994,1.5199596,0.5712919
1266,3.807694,1.4381361,5.098153,0.03108221,5.081683,5.885134,29.249657,0.12765843,0.017026901,0.22377181,0.45863187,5.7954416,0.99183625
1267,4.22009,0.69472575,4.1928897,0.031806026,4.444206,5.7048445,33.809273,0.114359625,0.2332648,0.35532334,0.23508114,8.092329,0.8833225
1268,3.7487717,0.52971005,4.6336184,0.033147037,4.310584,5.1092663,30.058023,0.13004905,0.20014024,0.3333082,0.24498835,5.379143,0.8042482
1269,4.490328,0.9272039,5.4573393,0.006701812,6.3146477,5.3381586,34.300346,0.1112083,0.04567361,0.24873066,0.48566157,1.5811055,0.9876708
1270,4.1125097,0.7508259,4.813152,0.010649601,5.7163734,5.3655705,33.12662,0.11000811,0.083140016,0.2453751,0.29265833,3.564988,0.9896526
1271,4.270234,0.7216351,4.017427,0.01199602,5.717392,5.667417,32.437935,0.11167493,0.15183508,0.2365922,0.3229131,4.123983,0.989758
1272,3.409842,1.7951305,6.192028,0.01866534,4.4105663,4.5182495,32.509758,0.109586194,0.099844456,0.22290537,0.35107097,2.7031825,0.9678077
1273,3.9341922,0.9934273,3.6664844,0.018176217,3.5869675,5.6380615,33.767628,0.22350855,0.10826194,0.33144662,0.28618932,2.849092,0.7817213
1274,3.7139773,0.5658362,4.6339126,0.014548917,5.2078257,5.412323,30.314554,0.104943864,0.11763489,0.22275828,0.2496409,3.886143,0.82486033
1275,3.7412033,1.647795,5.780613,0.021083433,4.685522,5.257618,35.050087,0.17780267,0.14753556,0.29704544,0.2891345,2.5466037,0.91399425
1276,3.815765,0.60908103,4.7809873,0.015084511,4.1445265,5.30757,32.024956,0.1301676,0.075039506,0.24745068,0.34490335,3.9749,0.7157667
1277,3.933784,0.49431133,5.33278,0.01351369,4.1122494,5.225086,33.72212,0.14574891,0.07452619,0.29912722,0.2597065,3.6124487,0.6933362
1278,3.7281985,0.78055906,6.2688627,0.008156148,4.889698,4.6044817,34.132206,0.16158424,0.077462435,0.2752014,0.45020252,2.9418082,0.95377636
1279,3.8913856,0.95410013,6.7542067,0.008240567,4.3418026,4.7637076,33.149868,0.16163309,0.022827625,0.25006005,0.23079531,1.1937516,0.39877036
1280,3.5021667,-0.6122662,5.2136045,0.022067364,5.5433283,4.8852296,34.415497,0.16301996,0.070531726,0.23122162,0.36862373,2.1575365,0.9523971
1281,3.9566221,1.0646963,5.4766045,0.012126165,4.432825,5.243901,33.36818,0.19311002,0.108862996,0.23963118,0.25700608,3.7006865,0.6061107
1282,3.420949,0.13236237,4.6748796,0.026452275,4.860626,5.365839,34.39763,0.13706902,0.10788214,0.25128046,0.37262464,2.289909,0.9798503
1283,3.3559775,-0.27616274,4.614454,0.030541155,4.3108826,5.291563,33.94519,0.14152004,0.101127625,0.31376094,0.23456207,2.5104973,0.9347306
1284,3.980435,1.8101697,7.1043844,0.008270022,4.9590454,4.4876604,32.70302,0.22815546,0.19429266,0.1683932,0.3440774,4.9888983,0.7708759
1285,3.8506646,1.5792084,5.749246,0.011778353,4.831259,4.5660224,34.19052,0.13213323,0.09313822,0.36921012,0.23765162,3.2302883,0.9608101
1286,3.8716216,0.21965075,4.63099,0.041103125,4.86133,5.4288244,31.072067,0.10740544,0.15080523,0.22305413,0.4545408,4.1591444,0.79595196
1287,3.5675735,0.324394,3.339985,0.019320903,4.5418262,5.1258116,35.880928,0.12270219,0.1503588,0.29457462,0.22051884,1.6907539,0.8780253
1288,3.6638737,1.249474,4.1115513,0.035085175,4.374238,5.876444,32.179554,0.18774086,0.20011997,0.18777025,0.5971838,4.0572767,0.95327455
1289,3.4886684,0.24773955,3.8443913,0.046821065,4.4658575,4.88136,31.220173,0.20604426,0.11204672,0.21847793,0.2608357,6.9994373,0.979912
1290,3.4326525,0.101490974,4.025489,0.027779082,4.460638,5.948329,33.5657,0.15583627,0.11890614,0.23307458,0.4616378,2.1264997,0.95621866
1291,3.9047437,1.6226816,6.818324,0.013747602,4.9914303,4.43742,30.445015,0.17144419,0.12996149,0.21808375,0.20959175,4.871258,0.92284137
1292,4.0749474,1.7798436,5.6207848,0.014462586,4.5874805,5.168131,31.224615,0.26405066,0.06821406,0.16454664,0.20064962,5.4312954,0.84590536
1293,3.7443595,0.5037217,4.2334585,0.030266808,3.866867,5.861597,35.42891,0.16412708,0.14069808,0.24718308,0.50094134,1.9661063,0.9365666
1294,3.7658005,0.1925528,6.482417,0.023390053,5.0651407,5.0852575,31.956764,0.15397258,0.12653685,0.28155008,0.22438319,4.55861,0.9964527
1295,3.8841615,0.9992635,4.0059485,0.018963754,4.2553062,5.6727247,33.444298,0.17922616,0.12954533,0.26197216,0.3258638,3.0447013,0.92620784
1296,3.6941123,1.9935796,6.826598,0.011158352,4.2161465,4.084494,32.066494,0.18355235,0.10805714,0.25407353,0.26269025,2.8926377,0.907751
1297,3.7531123,0.3420365,3.7276175,0.023978215,5.5757866,5.844736,32.70743,0.12085893,0.16600192,0.2735708,0.40587878,3.2408433,0.79757816
1298,3.400447,1.7398353,5.16105,0.028984366,3.4510384,5.133335,34.481358,0.20221514,0.10612965,0.25407347,0.21589774,2.8834286,0.9413274
1299,4.063672,0.29128814,5.457761,0.012548513,6.2059402,5.0460253,33.333084,0.14237674,0.10899818,0.26815662,0.36644655,3.5123749,0.93743813
1300,3.7383275,1.9947293,4.7971673,0.02350217,4.215828,5.4461107,33.76008,0.14825547,0.02835381,0.2700994,0.23894311,1.9452751,0.8556033
1301,3.8326163,-0.45096314,4.8318653,0.011294899,5.586643,5.0936937,35.150948,0.18248817,0.18867803,0.24539322,0.21998982,2.25864,0.9691687
1302,3.4996266,0.2778659,4.6953006,0.017129704,4.8268013,5.076425,34.45465,0.13412091,0.10691261,0.26589978,0.24896622,1.2344807,0.9987288
1303,3.9184017,0.8016567,4.921477,0.017478503,5.227809,5.3540406,34.74408,0.16737509,0.13849688,0.28142923,0.39823887,2.6612446,0.9930754
1304,4.05116,0.5513258,4.366328,0.0120425075,4.9494066,5.459962,33.217323,0.14341708,0.10629439,0.2456635,0.30908248,1.4375701,0.98916173
1305,3.5920696,2.0984993,5.252342,0.018167982,4.510763,5.4551535,32.42709,0.10471979,0.14579988,0.3317223,0.35816425,1.1720444,0.99854183
1306,3.7218194,1.090312,4.1485023,0.016384365,4.4230614,5.5617228,33.51471,0.109035745,0.069972634,0.25992903,0.31561857,2.4987001,0.983325
1307,3.9229994,0.08663225,3.046774,0.021139342,5.450224,5.9453106,32.34972,0.10085834,0.16879153,0.33899143,0.26831406,4.5071583,0.8339457
1308,3.8781624,0.47808313,5.7856975,0.0133545445,5.13937,4.5060506,32.997112,0.10004987,0.11371899,0.23718572,0.2457054,3.9492195,0.92561406
1309,3.6718712,0.11350846,3.6288977,0.037374575,4.295923,5.6824217,33.487442,0.10174454,0.20630538,0.33843306,0.2763344,1.4179567,0.6609454
1310,3.6132784,1.7075715,2.9266274,0.016382964,4.238452,5.8956957,33.01322,0.103794746,0.09488809,0.25979325,0.2648644,1.0447137,0.99559575
1311,4.314102,0.59523845,3.5353904,0.018726543,5.4246845,5.8076777,32.805054,0.17806062,0.17481232,0.22667363,0.25636315,8.158527,0.64074403
1312,4.320657,0.2638483,3.8436484,0.03528442,5.0213423,5.732973,32.228912,0.21161516,0.11227226,0.3259412,0.48890316,7.8249907,0.7527453
1313,3.836553,0.80486965,4.3289623,0.02331861,4.724389,5.6342077,30.975286,0.12756906,0.11142933,0.28822017,0.359102,4.5514193,0.8957628
1314,3.8163624,1.0366359,5.831656,0.011534862,4.6407747,4.8399563,35.69226,0.17771068,0.122877836,0.22670013,0.34094346,1.6128438,0.9013286
1315,3.7744017,0.7885835,5.819659,0.014219698,4.441634,5.2149034,35.912643,0.20441958,0.11706257,0.22709799,0.3579626,1.3773161,0.87967134
1316,3.6901479,-0.07000613,4.961464,0.014291028,5.32707,4.7885695,31.438549,0.1280955,0.22297537,0.26735494,0.24655525,5.9087996,0.8803474
1317,3.5385056,2.1682663,5.9321685,0.009592884,3.4747334,4.3446665,34.396748,0.17470369,0.047697544,0.2606007,0.38659734,2.6417837,0.8729694
1318,3.5716329,1.0523338,6.036063,0.014980465,4.189929,4.7185354,31.425072,0.14321615,0.078787446,0.27143556,0.4928164,3.043028,0.84463334
1319,3.843099,0.12945771,3.6807783,0.017552463,5.0475893,5.5386515,33.712467,0.21273388,0.18978846,0.20637774,0.21940276,1.8000464,0.78566015
1320,3.9215064,1.0855899,4.9716463,0.010313887,5.6727066,5.0791883,34.03244,0.20748986,0.22232008,0.21805023,0.23571266,1.8844588,0.68787575
1321,4.2495556,1.3063693,5.6358223,0.007953416,5.6412277,5.2804046,33.663826,0.15667607,0.14549315,0.28669378,0.24565108,1.1775646,0.5501907
1322,3.3474736,0.42044663,4.524952,0.039119143,3.8412495,5.1925,33.372166,0.18117252,0.1576674,0.2555215,0.23096214,2.890837,0.9725724
1323,4.106719,1.1749396,5.506234,0.012634522,5.6310883,4.9861145,31.388256,0.16288233,0.08089447,0.28914985,0.22536191,4.9368663,0.69994855
1324,3.6657953,0.07523203,3.398704,0.027137281,5.107477,5.838272,34.313663,0.108947754,0.19238675,0.27737385,0.41475493,2.7297263,0.9593689
1325,3.724637,1.2762165,6.934682,0.010286176,4.0682173,4.2553,32.650246,0.11407613,0.07727337,0.31929395,0.42181098,2.8212128,0.73932856
1326,4.043913,0.32948375,3.244664,0.015564553,5.6101494,5.755886,33.223957,0.107281834,0.17330015,0.2632442,0.25172868,3.047242,0.9567845
1327,4.1508837,1.1988246,4.8111844,0.016670315,5.535372,5.803671,34.38742,0.10757138,0.15845406,0.29048958,0.23337108,1.7819695,0.5254637
1328,4.2110615,2.094246,4.21525,0.0064693317,5.090665,5.190856,32.857006,0.102356814,0.11112416,0.40338254,0.22452547,3.6821063,0.95128435
1329,4.068449,1.0301607,4.976434,0.01178911,4.9227448,5.106203,32.452415,0.10244423,0.21327305,0.24269155,0.5302604,2.637103,0.80007815
1330,3.229094,0.3390243,2.6249933,0.0567822,3.6340446,5.8363633,33.016663,0.113885514,0.07440722,0.30629617,0.21727623,3.4127555,0.55329514
1331,3.2060056,0.67257047,3.5651243,0.06256917,3.4725056,5.8654914,32.89169,0.108443744,0.014771581,0.30655074,0.20683657,4.0148187,0.6693503
1332,3.7663126,0.64968276,6.431132,0.016688874,5.30851,4.740404,33.231823,0.24361742,0.20522475,0.2583414,0.21915436,1.6593311,0.8816212
1333,3.8015618,0.55782175,5.1177144,0.019269079,4.7200565,5.0135136,34.538116,0.10779358,0.102935314,0.28158772,0.20382072,2.0828261,0.7621136
1334,3.687851,0.5342164,4.9098444,0.018057449,4.649971,5.288678,33.675545,0.10711054,0.060532212,0.27653065,0.2075886,3.0667048,0.7016016
1335,3.7347403,0.6637068,5.110756,0.020178605,4.740324,5.3482494,33.951813,0.10842609,0.069473386,0.2990975,0.20978615,2.3731527,0.52734077
1336,3.6634202,1.1240847,4.018042,0.02538655,4.7915535,5.6878796,32.43834,0.17716494,0.1801902,0.27217698,0.22040132,2.4297485,0.94501597
1337,3.9942493,1.3834178,3.3966718,0.014471691,4.9824085,5.6013384,34.48603,0.12245868,0.20723712,0.26454854,0.23728941,4.3007817,0.9354999
1338,4.218191,2.740243,6.153759,0.013330715,5.1763935,5.3041706,30.719353,0.19075722,0.08803296,0.28967687,0.2547699,2.8576627,0.69867116
1339,4.324912,1.0979695,6.70694,0.0069806594,5.613838,5.0228114,34.97928,0.121094346,0.14447391,0.26184115,0.21928217,6.7568855,0.79102147
1340,3.6313286,0.061981916,6.1434045,0.017361814,5.2663946,5.0216503,31.613722,0.17744201,0.17627692,0.2902656,0.43927506,1.8133197,0.8386538
1341,3.555674,-0.3555194,5.947514,0.018141417,4.845125,4.194689,35.916546,0.11823398,0.22493315,0.25345832,0.29259443,7.2512875,0.7998735
1342,3.7872844,-0.44547737,3.9538083,0.026422337,5.240241,5.70922,31.36422,0.13485317,0.21709263,0.23899457,0.35569125,7.47758,0.77848643
1343,3.7045674,-0.23833513,5.7019873,0.036443423,5.23287,4.4684596,30.387749,0.20858522,0.25043678,0.26520553,0.27177012,5.204494,0.8634613
1344,3.8291688,1.1401408,5.2086973,0.014261453,4.2524357,4.6725626,35.13893,0.1218837,0.099295974,0.23895848,0.39201114,2.1160104,0.7319874
1345,3.9738994,2.2575307,5.061614,0.013659412,5.5221786,5.0721836,32.442585,0.24052373,0.16435587,0.22089271,0.2496669,3.0684106,0.9372666
1346,4.151026,0.89634466,5.6788683,0.009891585,4.672863,4.8659286,35.62494,0.18152791,0.09009981,0.19262771,0.43611228,3.6343844,0.87996584
1347,4.2571907,1.3277462,6.9244666,0.012031501,4.429656,5.300651,34.431763,0.35243598,0.14724481,0.23113331,0.40633923,2.576096,0.8842105
1348,4.257432,0.9412997,7.1438613,0.012264822,4.134816,5.599394,34.25009,0.34388146,0.15236807,0.22833544,0.46732342,2.7029095,0.899041
1349,4.3024006,1.4761972,5.6281805,0.01703396,4.0564194,5.038656,33.650414,0.18971229,0.10093939,0.18938409,0.44406617,3.9566216,0.93517303
1350,3.8179173,0.7146814,5.3162556,0.018991442,5.085782,4.876609,33.735245,0.19792569,0.17956066,0.28156462,0.25906754,5.065602,0.89050764
1351,3.8552375,-0.19704044,4.291826,0.02207534,5.2646646,5.3811445,32.738228,0.1734269,0.09095538,0.21219566,0.23995647,2.321947,0.922682
1352,3.6956558,1.0299227,3.376628,0.023502415,4.332041,5.3505807,33.475594,0.110597014,0.18342543,0.31424594,0.4222014,3.7292528,0.957411
1353,3.7601628,1.9900026,4.745489,0.020292092,3.9108171,5.8369036,32.00654,0.114853054,0.14842212,0.27581927,0.30900708,3.646516,0.96676666
1354,3.465897,0.052455902,2.479961,0.044917505,5.0339136,5.5195503,34.605503,0.113186024,0.07692087,0.23456943,0.3310861,3.3799744,0.8220345
1355,3.9504337,2.3005152,2.1864257,0.030563846,4.89956,5.960768,30.303001,0.10569994,0.23499227,0.24464852,0.33355546,5.4372263,0.8938507
1356,3.4539738,0.22392416,6.941411,0.014793384,4.9515514,4.47118,32.77255,0.15523882,0.10711384,0.17555863,0.38094872,5.0944414,0.8791125
1357,3.9667883,1.6067903,3.3480496,0.046124876,4.4121113,5.865548,30.8445,0.11324652,0.16086316,0.3684648,0.42480183,5.640882,0.92177945
1358,3.5656047,0.29940057,6.2907143,0.011499376,4.9268074,4.730316,34.8218,0.23703554,0.14596689,0.14408533,0.37873936,4.0382004,0.8178507
1359,3.931569,0.060358047,5.5951595,0.019101715,4.708824,5.4660034,33.48825,0.21187326,0.07240343,0.19587114,0.29045948,1.6280758,0.9701751
1360,3.3584723,0.7843137,6.006975,0.010490824,4.6424723,4.280347,34.31588,0.2102836,0.18792224,0.19364321,0.33643058,2.9361029,0.78354204
1361,4.0186663,0.44081473,6.467275,0.020747622,3.9042149,5.1797686,34.335392,0.12651573,0.2189337,0.25204152,0.3225281,1.9027344,0.80374324
1362,3.7590942,2.7903252,4.5246124,0.013010364,5.208539,4.9761467,33.92755,0.17920257,0.21833098,0.28349853,0.38169694,5.1959505,0.7383512
1363,4.0585327,0.7083392,7.230031,0.010536843,4.1244507,4.6459703,33.02009,0.14367686,0.21014833,0.21400204,0.34011537,1.6506326,0.8488978
1364,3.9286165,0.9863982,4.019434,0.03237701,4.3478127,5.7170753,31.865932,0.13165419,0.12827134,0.27039593,0.3469843,7.63602,0.8908675
1365,4.0310297,1.4783738,4.2923303,0.05823571,3.420577,5.86749,31.348799,0.1158205,0.11126566,0.23493847,0.33345646,6.4635954,0.89063925
1366,3.6903205,1.1494687,3.4419694,0.04116639,4.0955734,5.4182434,31.304775,0.19608033,0.1392169,0.28373337,0.40018326,8.792381,0.90324026
1367,3.3488383,-0.043931007,5.979441,0.019023744,4.5130196,3.9351692,34.692043,0.11985435,0.10244954,0.2432262,0.23967697,2.6488197,0.8402784
1368,3.6762538,0.5129156,5.416281,0.020172046,4.265252,4.913848,34.282463,0.17777964,0.1663065,0.2607913,0.3908559,3.5735483,0.86243397
1369,3.6139755,1.277309,4.886023,0.017940601,4.735713,5.1485186,32.95001,0.18169335,0.10482645,0.23367834,0.3214351,1.6819725,0.9087427
1370,3.483985,0.7106309,4.875046,0.020093104,5.1874123,4.8689723,33.70667,0.1423066,0.10672867,0.24389887,0.33736682,3.192985,0.93032146
1371,3.9164343,-0.25532424,5.0896072,0.02676583,4.8323326,5.411715,34.05873,0.1725525,0.10595441,0.28758425,0.27528018,2.5967727,0.9302893
1372,3.3998609,-0.14614844,4.021715,0.018755184,5.2590036,5.3801293,35.17435,0.11892579,0.10008526,0.3048929,0.37760955,2.4139843,0.93410015
1373,4.206599,0.96489596,5.9105616,0.01770223,4.6409416,5.2123036,32.68341,0.13248885,0.13375127,0.2458249,0.2775868,2.7157235,0.9634685
1374,3.9599695,2.489983,3.0072083,0.010339535,5.2726955,5.860712,33.535675,0.20271054,0.20969725,0.18607613,0.4098367,3.5246322,0.8693104
1375,3.3730464,0.039389133,7.293556,0.016335966,4.393856,4.0027456,34.039845,0.11201811,0.099348545,0.27053618,0.24011761,2.1379287,0.9935116
1376,3.6411333,0.73691225,6.9967647,0.011949365,4.1347075,4.410865,33.94902,0.1019897,0.14762461,0.22349885,0.31832823,3.506802,0.9749317
1377,4.2149134,1.6434364,6.5246058,0.0055295867,5.423626,4.739958,33.281754,0.14891224,0.2063011,0.38004628,0.33091483,2.1496277,0.6661289
1378,3.2103038,0.77704096,3.5728178,0.07485498,4.2352524,5.7974415,31.641006,0.25167403,0.06651223,0.22345933,0.32584083,6.3570933,0.9898774
1379,3.3889308,0.21082854,3.3386192,0.057730045,4.3581696,5.698372,30.845201,0.2257646,0.07452428,0.22932401,0.42539078,3.9872348,0.95993394
1380,4.1007223,0.66602755,7.116914,0.0053798123,5.4803553,4.491926,33.973946,0.12180665,0.11813009,0.29263955,0.22200687,1.3299785,0.83596426
1381,4.242674,1.7924776,6.382506,0.006525287,5.1549873,4.287124,30.867905,0.104092196,0.1426636,0.29382136,0.402898,7.33396,0.8594345
1382,4.0591507,1.9636481,7.841303,0.00746093,5.0636663,4.316614,31.425016,0.107627526,0.19032204,0.3016937,0.26463324,4.8051353,0.9375226
1383,4.1862764,-0.22276533,6.191787,0.005488049,6.2831745,4.5870523,35.939823,0.17344457,0.08117914,0.24448192,0.3655777,2.1290448,0.72130543
1384,4.050503,-0.12133813,6.8583593,0.013799757,5.772278,5.026418,32.626274,0.1403228,0.044237256,0.24277684,0.28111488,3.454137,0.81392026
1385,3.758193,0.56485724,4.99588,0.01345751,4.8905897,4.9613447,32.865578,0.1305071,0.16568053,0.30180806,0.4295047,3.5837424,0.9094045
1386,3.5756917,2.3731074,6.3570395,0.015304537,3.626091,4.6941547,33.59072,0.15168299,0.17913175,0.26537064,0.23332067,1.0727754,0.7687038
1387,4.085863,0.40159845,4.374412,0.018465709,4.750581,5.690414,33.735573,0.105571985,0.10135651,0.31786725,0.2657806,6.0792727,0.88508815
1388,4.188097,0.26908946,4.2382426,0.02548596,4.6591167,5.6798325,32.146267,0.107442476,0.10380566,0.3314563,0.28442645,5.3003855,0.86018056
1389,3.3958144,1.4817955,4.170911,0.036331527,4.929632,5.5933886,32.038452,0.11888442,0.0025452375,0.24667412,0.39372855,3.4123144,0.70898896
1390,4.143676,0.94370484,6.7937117,0.017269332,4.671091,4.6191626,31.93045,0.1754115,0.19389093,0.24891216,0.24276942,9.343258,0.9708444
1391,3.8648396,2.2922153,3.0391507,0.014898748,5.834607,5.967254,34.143883,0.107172966,0.033757687,0.2708052,0.38853544,3.4538088,0.767983
1392,4.005168,1.5397177,4.4178696,0.014099919,4.100547,5.181451,34.789642,0.19288415,0.15079117,0.28005284,0.2561223,1.0171688,0.9192135
1393,3.9051523,1.9659331,5.7084045,0.013548804,4.5040083,5.2212543,33.53817,0.20500907,0.17350793,0.23686,0.39443558,1.0502459,0.7285293
1394,3.859199,2.4487863,4.735945,0.012969922,4.571265,5.091669,32.761673,0.14177996,0.12027204,0.19891468,0.25664288,1.0037124,0.87594986
1395,3.7286534,0.32066464,5.2024293,0.018240433,5.138406,4.9334283,33.83141,0.11722898,0.13203049,0.29404023,0.2512599,1.0037254,0.95041716
1396,3.6537118,0.6389208,4.7661467,0.012119051,4.9126167,5.198347,32.965195,0.12264574,0.13479769,0.29262233,0.2796865,1.0033203,0.94097567
1397,3.8881845,1.5363216,4.4707904,0.013253094,4.913311,5.110441,32.381042,0.1790008,0.101186395,0.23228839,0.26533887,3.2656903,0.79171354
1398,3.4935985,0.31235886,4.6972117,0.024013039,4.0270185,5.0750093,34.928333,0.14538684,0.23467982,0.3043555,0.45790344,3.1484396,0.94276947
1399,3.8824906,1.0083027,4.2562885,0.019080073,5.0613384,5.7559557,33.462322,0.13262224,0.12040317,0.2135976,0.64823633,2.4311762,0.87486804
1400,3.8097787,0.86565995,4.0013523,0.025914026,4.2886124,5.4678717,32.81138,0.18632644,0.101236105,0.21211118,0.2719551,4.3557053,0.92657954
1401,3.742384,0.32896566,5.644604,0.03585418,4.0562544,5.428671,32.041878,0.118235394,0.14413512,0.25516492,0.3533762,6.4696274,0.94413537
1402,3.9438667,1.042511,5.369593,0.0076777195,5.243065,5.2980804,32.374554,0.22653845,0.09356916,0.22180581,0.3808431,1.6672649,0.94756025
1403,3.8536196,1.5284667,4.5715723,0.020551935,4.58778,5.349986,35.135124,0.1409947,0.07426131,0.22159514,0.2939489,2.0553598,0.9574669
1404,3.4284444,0.7519791,4.714458,0.03414238,4.2202435,5.650852,33.458176,0.14235443,0.12075162,0.30779952,0.37699807,3.3552678,0.76744753
1405,3.6117492,1.0277832,3.579615,0.0304242,4.13177,5.6766677,34.15992,0.13952449,0.08435333,0.35730076,0.38834453,3.3639097,0.7026706
1406,4.099828,1.9255776,6.056982,0.013897086,4.97075,5.324807,29.77615,0.13466702,0.12567341,0.20686135,0.26240253,5.320858,0.9572383
1407,4.146184,0.8349397,6.1940165,0.014350729,5.2008543,4.6244164,30.102135,0.2456275,0.080928326,0.27382225,0.3601433,7.8996043,0.9273767
1408,3.663957,-0.12597787,3.9332407,0.01719308,5.032528,5.4652376,33.612576,0.25335535,0.13849795,0.15678167,0.33585092,1.0928144,0.9632417
1409,3.9147258,1.9747534,6.599436,0.021999534,4.547188,4.7145195,30.7704,0.14855824,0.13955069,0.36000362,0.2311041,4.092846,0.5996738
1410,3.983132,1.4790673,5.2246113,0.010582319,4.656315,5.20147,31.460693,0.11498198,0.13794172,0.22258922,0.24875408,7.8762574,0.85228056
1411,3.867526,0.70250535,5.3612404,0.02942528,5.081047,5.516927,33.867035,0.21876433,0.18067408,0.3579397,0.4134797,3.5980332,0.9757471
1412,3.7997975,0.7668719,4.351649,0.024689374,5.154847,5.6910005,32.495872,0.13636222,0.16917276,0.2775007,0.2887601,2.185667,0.9423692
1413,3.6868596,0.43841553,4.9400654,0.021108456,4.527563,4.6089373,32.862957,0.14820752,0.18279302,0.27558425,0.32570592,6.390682,0.9335193
1414,3.5705361,0.48434973,4.3569803,0.04480933,4.6244,5.581793,30.432034,0.17199126,0.051021695,0.24350652,0.3209946,3.9857764,0.7275521
1415,3.6841617,0.5655658,5.4666357,0.023232056,3.458208,5.3915396,35.13948,0.12124878,0.16347837,0.28937805,0.35573924,1.6001451,0.9296722
1416,4.207115,0.15498877,4.660338,0.023066403,5.2435894,4.958819,31.310532,0.18918037,0.17437518,0.22113985,0.27280962,7.9200296,0.82803226
1417,3.1827006,1.1350801,2.6343222,0.06090613,3.0840788,5.955024,34.02484,0.112933725,0.032598376,0.34886715,0.37336922,1.2061085,0.9130971
1418,3.3030243,1.078098,2.7630637,0.052541707,3.3668556,5.958048,33.49656,0.11845925,0.03232205,0.33179775,0.35023522,1.2265521,0.8210471
1419,4.0582705,0.76257634,3.5693293,0.0144767165,5.7461205,5.8702817,34.04848,0.25463435,0.2141962,0.16444764,0.25302717,3.1316545,0.74370825
1420,3.8776164,0.91140366,4.012469,0.020267209,5.1377163,5.7995043,33.07033,0.15445088,0.08603275,0.14962077,0.40370214,3.236978,0.91401035
1421,3.6092272,0.64737725,7.162719,0.011235732,4.427059,4.339947,33.607243,0.16842373,0.13081312,0.39198256,0.22311793,4.3674126,0.70432097
1422,4.08173,0.8191266,4.0866437,0.016832536,5.407583,5.7565746,34.493378,0.12304037,0.12504148,0.18449777,0.41044557,1.170829,0.9277909
1423,3.494049,0.99659634,7.124322,0.024590986,3.758894,4.305739,33.661156,0.10324149,0.08799505,0.36016926,0.21918535,7.0064692,0.88977116
1424,3.5722837,0.8659513,6.358117,0.012760887,3.8749218,4.546448,33.768433,0.10993527,0.181983,0.28853905,0.2043255,1.6618046,0.6897873
1425,4.0550833,0.49938083,6.232345,0.01616457,4.988414,4.896667,32.3037,0.21041137,0.0836848,0.25217345,0.6564785,4.433963,0.96653384
1426,3.7464328,0.8922126,4.9365716,0.011686641,5.126198,4.8872185,34.399136,0.10915824,0.08447647,0.31397185,0.24233714,2.088738,0.92447823
1427,3.7529774,1.1882317,6.23722,0.009811341,4.932166,4.582985,33.650482,0.19007316,0.1512996,0.28187713,0.26513997,1.838767,0.57536405
1428,4.0266867,2.1771712,9.560417,0.0061028153,4.4815044,3.8404765,31.533878,0.120481,0.07816875,0.27846584,0.22585055,6.0033584,0.945724
1429,3.8392315,1.6092696,7.155546,0.0044074534,5.1361675,4.0599694,33.797607,0.15049179,0.15747094,0.26871815,0.4020093,2.6969004,0.713997
1430,3.977583,0.67256856,8.271029,0.007226217,4.883524,4.399348,34.2351,0.14985308,0.18547475,0.30593666,0.2739048,1.2924356,0.9426951
1431,3.930244,0.9007406,8.093512,0.0061442885,4.780778,4.345228,33.350883,0.12748528,0.20694017,0.30090627,0.4744957,1.1555855,0.726119
1432,4.0443153,0.8124118,6.97355,0.01478768,5.152418,5.008444,32.63188,0.15030429,0.21347046,0.282805,0.3710391,1.4092252,0.79032546
1433,4.1040745,0.7201376,5.5510426,0.0046861726,6.2362194,4.974665,35.310226,0.20509723,0.19193769,0.1962437,0.27237862,3.0454447,0.8933808
1434,4.264764,0.616385,7.4716673,0.0039051238,5.7106724,3.8998084,33.97164,0.23460883,0.16742206,0.20308596,0.40265137,2.1210225,0.638231
1435,4.1451426,1.0300584,3.4799223,0.014916892,5.7685757,5.588931,31.990532,0.12938136,0.16639245,0.3226785,0.24503933,3.222247,0.95824796
1436,3.908526,1.324656,4.4453354,0.023225937,3.892541,5.550104,33.638287,0.15832318,0.050084352,0.2307334,0.38224488,2.6641474,0.9658631
1437,3.5703483,-0.09786844,4.3247237,0.0248242,5.128601,5.623825,33.39894,0.11250856,0.19687629,0.31776968,0.27819803,2.9188917,0.73777306
1438,4.0558777,2.050901,4.4993887,0.017642967,4.7756195,5.719968,33.253723,0.16690648,0.06904602,0.2537668,0.2459338,2.9719954,0.8255318
1439,3.5728612,0.7721021,5.9700875,0.013434926,4.177305,4.357733,34.05342,0.14525813,0.1291573,0.27985904,0.26480597,1.4480838,0.7124465
1440,3.7467303,1.1581168,7.1394005,0.0090687275,5.0994577,3.9138937,31.848476,0.11447997,0.13045406,0.22803989,0.35592163,6.49422,0.9964627
1441,3.8663826,-0.5152708,5.124048,0.014153671,5.0208607,5.2109094,35.24557,0.12583655,0.11389434,0.25636095,0.29108733,1.1118318,0.99759114
1442,3.951242,1.6028636,5.819756,0.007338074,5.2185993,5.1102915,33.758827,0.11384937,0.12802756,0.25556207,0.3521295,1.0431049,0.87790483
1443,3.822207,0.2235632,4.232812,0.01817279,4.7116356,5.187337,35.025852,0.1680724,0.15089917,0.26653594,0.28786683,4.538374,0.8451111
1444,3.8369384,0.750247,5.382607,0.014943485,5.595518,5.2710752,32.89242,0.11356333,0.06689465,0.28645104,0.23680831,1.2155267,0.8222362
1445,3.7012935,1.1724441,5.349061,0.024554588,4.1592636,5.040653,31.377638,0.1851947,0.17466497,0.2155278,0.26940006,3.5975277,0.9597439
1446,3.9199939,1.9126191,3.8702497,0.013109112,4.936095,5.669777,35.06006,0.1822497,0.13144648,0.23604664,0.5559289,2.7385726,0.9464038
1447,3.8653502,0.46674109,5.9908385,0.016378755,5.1305714,4.8564057,33.07851,0.11927646,0.21876264,0.23262599,0.25188896,1.7380786,0.8641433
1448,3.6580124,1.2018754,4.3921585,0.024090834,4.3853846,5.558379,33.2005,0.17223361,0.052902818,0.30242816,0.2818905,2.8788161,0.8206122
1449,3.8109956,-0.06542337,5.2473173,0.016593955,4.883498,5.326579,32.909588,0.12288573,0.20675576,0.2517818,0.3559186,2.2724237,0.8468767
1450,3.8343678,0.13284016,5.335184,0.014273062,4.848279,5.0888486,33.322548,0.16616035,0.19683337,0.26835957,0.25875482,4.1972985,0.8960049
1451,3.5262232,-0.1839757,8.111062,0.01303618,5.0965014,4.024964,33.67283,0.11898108,0.12014222,0.27487728,0.33571368,1.8802717,0.782051
1452,3.4848723,1.4744956,4.3784165,0.022787044,3.591858,5.27396,35.35629,0.14771599,0.17129612,0.29804555,0.29616207,1.303279,0.95891947
1453,3.752522,-0.1856246,4.2167006,0.030431055,5.355653,5.4557757,31.738823,0.1960966,0.07610488,0.2478885,0.25341633,3.3497887,0.8791145
1454,3.6605792,0.8187003,4.1727448,0.024998605,5.5045176,5.188697,31.248405,0.18932779,0.15733004,0.26344073,0.22502011,6.1631026,0.85509145
1455,3.932619,0.023756742,5.6240754,0.017228207,5.151001,5.1747913,33.160767,0.17286286,0.12630284,0.24238864,0.3500402,2.4173708,0.73902005
1456,3.7346544,1.940934,3.4279523,0.019064222,4.249052,5.737818,32.82287,0.19103932,0.16474557,0.20580645,0.25646785,3.3885884,0.8781584
1457,3.6795602,0.40413618,4.4504547,0.029783413,4.4902525,5.5355735,33.505283,0.182067,0.11338997,0.2757193,0.2558754,3.7999756,0.94623905
1458,3.4639645,-0.08477056,6.2420354,0.022297416,4.969301,4.496111,31.76279,0.13696395,0.08186531,0.2396478,0.23157261,4.148757,0.59184504
1459,4.1666937,1.3369927,5.7310615,0.008055473,4.707651,4.9339523,34.278145,0.104238,0.112470746,0.33049834,0.4140482,3.017927,0.92783344
1460,4.1104794,1.5520966,5.406763,0.014811082,5.0549603,5.2662024,31.73206,0.10727657,0.11134207,0.25228715,0.37695742,4.1775646,0.93425494
1461,4.0921335,0.8280761,4.751124,0.013676369,5.740898,5.571512,32.585903,0.113184646,0.08110762,0.2852767,0.24726921,3.109604,0.75992626
1462,3.784144,0.16012001,3.4371705,0.031350788,5.5454054,5.594433,33.291504,0.11165645,0.14521289,0.26212373,0.38279566,4.488455,0.71721256
1463,3.8436418,0.35932708,2.6092603,0.033302736,5.39007,5.637701,33.061447,0.10795335,0.14993548,0.25442347,0.35066235,3.5646365,0.84003764
1464,3.5675907,1.1415329,4.9700384,0.03043352,4.572586,5.379404,31.755743,0.21266428,0.09733033,0.17867915,0.35630363,4.826477,0.78296745
1465,4.558796,1.0351498,5.027117,0.008786083,5.084791,5.239283,35.077076,0.22143567,0.16488159,0.23989895,0.2704917,3.0996077,0.9546053
1466,3.5854855,0.5003624,4.926992,0.039640706,3.679904,4.922349,31.81119,0.10140909,0.08259988,0.27590668,0.3207331,4.6587877,0.9561633
1467,4.1931477,1.3889508,4.962225,0.009163447,5.819825,5.113966,33.1102,0.16063626,0.14718342,0.21523172,0.23673645,1.1543561,0.7050113
1468,3.7884803,0.8796272,6.094248,0.01300696,5.292058,5.1104183,33.620277,0.12439041,0.08435571,0.35524255,0.40467972,1.0720551,0.96537626
1469,3.9359703,0.164397,5.3116946,0.01017699,4.9984083,4.7407227,34.372272,0.13262346,0.07206011,0.3596055,0.4461401,1.2206631,0.9382913
1470,3.9139938,1.27023,6.3388095,0.010808931,4.6946125,4.8766775,34.987293,0.17231932,0.09362745,0.31524283,0.24113381,5.7693977,0.51367617
1471,3.4801893,0.5983491,5.3163023,0.025719585,5.130986,5.3063173,34.041187,0.15304112,0.05108559,0.18147638,0.3036849,2.6433775,0.93445563
1472,3.6209402,-0.5243323,4.234433,0.021053547,4.2415524,5.3360476,35.410477,0.24107072,0.047813654,0.23295537,0.268009,3.1148665,0.922004
1473,3.5388894,2.6771722,4.4410253,0.015927156,3.8089561,4.7792454,31.325443,0.20748359,0.15791726,0.15768065,0.27835685,2.4226193,0.6202847
1474,3.957522,0.864784,4.084332,0.022930345,4.57697,5.956235,33.8647,0.20547014,0.07581949,0.26100808,0.24367663,3.2390215,0.9352205
1475,3.786971,0.8885994,2.9989579,0.020289693,5.3850117,5.9471216,33.12593,0.112245455,0.10754645,0.2712747,0.493734,3.9719212,0.92674506
1476,3.8348284,0.49006653,3.4619393,0.022416996,4.7621765,5.7972393,33.64924,0.1159201,0.11221969,0.24194774,0.2747736,1.8433175,0.9147142
1477,3.730125,0.6361139,4.4990172,0.021550577,4.485195,5.7035294,35.099525,0.1324627,0.064680934,0.28384745,0.48803568,2.697366,0.7213071
1478,3.967618,0.6896479,6.06896,0.009807608,4.6827774,4.5777507,34.122997,0.13237646,0.14906406,0.33051124,0.24071485,4.731534,0.9901154
1479,3.6296487,1.625833,5.717084,0.018066963,4.6312294,4.8329277,33.088387,0.13919657,0.06750727,0.297652,0.47558635,1.4345406,0.99906474
1480,3.7427917,1.1838937,5.8687735,0.018123893,4.0002966,5.089904,34.00317,0.23620811,0.05912888,0.32213718,0.61049706,1.4271996,0.9992951
1481,3.7520456,1.0162792,5.8647146,0.009371048,4.498472,4.344183,34.012897,0.1627002,0.106847286,0.3417272,0.43507302,1.4441956,0.9993893
1482,3.5133395,0.072102785,3.338615,0.038721345,4.024933,5.482416,33.678925,0.23964092,0.10753548,0.18942231,0.28648767,4.2134495,0.51190865
1483,3.9964004,1.4047108,3.6227236,0.012978435,4.937685,5.792014,34.319458,0.24315518,0.1805538,0.13267878,0.48120278,2.5169272,0.9870964
1484,4.1066446,1.8604679,6.31135,0.008658983,5.401963,4.7832456,30.288488,0.21237788,0.0806793,0.19298753,0.25742793,5.6502094,0.7159446
1485,4.0504313,1.2396364,7.317498,0.00979134,4.706937,4.7010336,31.716164,0.15645841,0.1614641,0.3049246,0.4300118,4.6198087,0.9754784
1486,3.7639046,1.2037106,4.2562084,0.016665079,4.3197527,5.651437,35.065697,0.16554564,0.18999684,0.24854234,0.21686903,2.462625,0.9638599
1487,3.5365129,0.9813373,4.895497,0.037473854,4.4286995,4.8625784,30.462843,0.18757592,0.15351164,0.25796637,0.20630053,5.1388927,0.6588671
1488,3.3187513,0.7107792,5.3675156,0.017648382,4.3437557,5.0170116,34.726475,0.16360971,0.12189138,0.2536469,0.5558314,1.466299,0.95638144
1489,4.013666,0.3157277,8.431924,0.010705569,4.854659,4.6775117,32.95515,0.1550851,0.18483746,0.2404849,0.22337426,5.284871,0.6452434
1490,3.7806025,1.7372606,7.5934896,0.008288928,4.028372,3.913896,33.59371,0.16312036,0.095564485,0.29829854,0.2809743,3.4493852,0.92512226
1491,3.696322,-0.14686358,3.4156756,0.04036008,4.942177,5.7978806,34.03993,0.20263079,0.1745776,0.24470693,0.25663036,2.5564427,0.72275096
1492,3.4345455,0.41420603,3.6973653,0.02703284,4.482579,5.6651287,33.397522,0.16181386,0.14359748,0.23916638,0.25197786,3.2023134,0.7587632
1493,3.7061992,-0.2117312,4.633667,0.03153875,4.6896734,5.19536,34.458603,0.12514915,0.11143255,0.25034752,0.2953929,2.3679545,0.9034067
1494,3.4897313,0.019454718,4.5583725,0.019869972,4.8251457,5.492933,34.529903,0.24214399,0.15136838,0.23520696,0.5419014,2.359542,0.7534293
1495,3.6834455,0.8313334,4.5969877,0.019056091,4.531516,4.691984,33.949253,0.11951907,0.13182795,0.27836058,0.27530923,3.9786282,0.8345338
1496,3.7878466,1.9357986,5.288214,0.018961394,3.8066206,4.7130747,33.31897,0.23642752,0.10265434,0.25932002,0.32465252,2.1929235,0.8144478
1497,4.1085043,0.026542425,6.0002584,0.0137267215,4.699107,5.1472445,35.25467,0.1286992,0.13907194,0.28893456,0.3306998,4.256329,0.88189864
1498,3.8723807,1.1354973,3.1340156,0.022856051,6.0677643,5.555148,30.084675,0.16836259,0.1407361,0.32784474,0.30181038,3.0646565,0.810137
1499,3.8912926,1.0263152,2.7148945,0.025294665,6.2202454,5.701947,30.415257,0.18078181,0.12941635,0.2942202,0.32985663,2.4646087,0.8635109
1500,3.462854,1.1571665,6.138626,0.022910642,2.5079937,4.6557393,33.73092,0.24369726,0.13767374,0.19208527,0.33480367,2.3031673,0.89831644
1501,4.2235737,0.36889338,3.9590282,0.0089945365,5.7986794,5.76116,32.75647,0.119034044,0.15014732,0.2502257,0.27484655,3.172032,0.8894091
1502,3.44203,0.97741723,4.770848,0.030686669,3.6376858,5.2267694,33.33081,0.10781273,0.11473858,0.3141146,0.34384942,2.788599,0.9501581
1503,3.780559,0.85666704,4.8833184,0.020247098,4.473339,5.3078146,33.860012,0.20246392,0.12740147,0.27884352,0.28702372,2.554779,0.8467334
1504,3.9539652,0.8613591,6.283174,0.008306982,5.654249,4.5425434,34.643017,0.1450306,0.14613283,0.23715991,0.24603046,1.7953427,0.83350277
1505,4.0634117,0.16078973,5.9387503,0.015177692,5.361868,4.690338,32.444057,0.15570313,0.19249034,0.28319672,0.41393238,6.3579164,0.8496238
1506,3.5347013,1.2342343,3.7276354,0.030465296,4.2809954,5.514678,33.82692,0.13222139,0.029432774,0.26705948,0.24583794,1.6992382,0.8612391
1507,3.8742003,0.9818804,7.028548,0.010287267,4.7883873,4.1110487,33.045536,0.1515626,0.17330241,0.28390515,0.33018142,5.3026047,0.74433595
1508,3.738254,1.0350335,3.9746742,0.018619811,5.0554266,5.4744377,33.45696,0.1441046,0.12111771,0.3428081,0.3603559,1.042221,0.9383985
1509,4.422575,0.8451464,5.8131175,0.0058519603,6.026968,5.0087185,33.84005,0.12555403,0.09624088,0.2143102,0.24586813,6.6518044,0.91077644
1510,3.9618583,3.176549,6.6010933,0.011789243,3.7296944,4.5002537,32.53446,0.12563255,0.1009748,0.25568905,0.46947074,1.8065046,0.9105525
1511,3.894919,2.978044,6.8338265,0.009046317,4.225729,4.7977304,33.44372,0.11948747,0.14722586,0.28523684,0.39082736,1.5698481,0.8604687
1512,3.607892,0.65989923,4.207259,0.020088095,4.6951523,5.50113,34.090775,0.1515802,0.11932433,0.28257313,0.26738104,1.2082514,0.8063758
1513,3.9589105,1.4124775,4.549222,0.019336369,4.5830173,5.4239807,33.315254,0.18809526,0.1443429,0.2557349,0.41446024,3.8689253,0.92451644
1514,3.4938765,0.58373785,5.433839,0.022427805,4.086629,5.0452156,33.99069,0.14747263,0.10404384,0.28456107,0.35332,3.26658,0.90305644
1515,3.7827697,0.1396532,4.247872,0.021070197,5.770459,5.5264797,33.803318,0.18244812,0.13201618,0.2258972,0.23323013,2.960036,0.9443369
1516,3.7944822,1.8784769,5.9336624,0.012069711,4.0600405,4.6507854,33.14476,0.14536735,0.12843573,0.3111867,0.26455763,2.7760592,0.88011736
1517,3.6822572,0.09371352,3.9847298,0.023722654,5.3174343,5.5696406,33.36984,0.22209,0.10559976,0.21648666,0.29261577,1.3807546,0.9603388
1518,3.7213535,0.08636737,4.720802,0.02498842,5.1710978,5.2645454,34.68826,0.21045971,0.097221136,0.22526199,0.28385794,1.3839372,0.9507571
1519,3.9542408,1.48961,5.2235126,0.030735651,4.3105545,5.324626,31.440704,0.148347,0.17851162,0.30492786,0.28270242,4.4414387,0.9763823
1520,3.816153,1.3334484,5.9117475,0.0050776056,5.0640574,4.025823,34.480255,0.1478123,0.16815221,0.25667903,0.4519592,3.4864,0.98586637
1521,3.9039001,1.7137625,5.8523674,0.0073610395,5.034108,4.9848056,34.35861,0.17642814,0.17246151,0.33717132,0.26979935,3.750684,0.96971816
1522,4.000204,1.7891672,4.950393,0.017930312,5.0188637,5.1684694,31.29927,0.12407978,0.22166634,0.26988077,0.3849432,2.829268,0.97783864
1523,3.7533731,0.6498401,6.659834,0.015026685,3.9908743,5.055937,34.205544,0.123410806,0.060848832,0.30203113,0.2963041,2.242954,0.59018177
1524,3.6909266,0.28448343,3.2786036,0.030978072,5.063879,5.5671597,32.52928,0.22287983,0.17683172,0.1988602,0.29220822,3.2222078,0.9761195
1525,3.742487,1.6984041,4.6557612,0.0195054,4.4126844,5.2119,32.80664,0.20738539,0.09264505,0.20157962,0.4192313,4.11228,0.98870134
1526,4.1399994,0.73585606,4.606914,0.015478166,5.6290865,5.38037,33.388187,0.20781264,0.18400574,0.20999041,0.27798903,3.376603,0.8563943
1527,3.305459,1.335479,5.2864847,0.027980579,3.5731125,4.8418274,35.16604,0.1211375,0.11294317,0.26173863,0.26271877,2.79275,0.77755135
1528,4.1586304,0.8051901,4.7075686,0.020095462,5.929493,5.4402704,31.049744,0.16674927,0.13461411,0.22982189,0.25970882,3.3388865,0.85780174
1529,4.008279,-0.08503139,4.9968824,0.009953528,5.2446747,5.3434563,35.972557,0.2294139,0.10978556,0.23961586,0.28414658,4.7113295,0.9419236
1530,4.2719784,0.39964008,6.019743,0.009730222,6.247032,4.951783,31.608711,0.17265771,0.14647126,0.19656558,0.31957608,2.111809,0.8560817
1531,3.997521,0.69057894,6.0594196,0.013344345,4.124961,5.215214,33.887753,0.25091663,0.1924051,0.15035836,0.29406464,2.4511678,0.7476429
1532,3.9497914,1.0649753,4.0470457,0.012083741,5.1211395,5.270113,34.868935,0.24332264,0.18801284,0.13616917,0.25888526,3.184232,0.7151367
1533,3.6346102,1.1978216,4.648197,0.021890316,4.3618774,5.151255,32.849777,0.15008539,0.04990661,0.29871702,0.35369694,4.2241583,0.9663223
1534,3.9686322,0.68285084,5.6940513,0.010660449,5.472067,4.888039,33.644485,0.12909335,0.20370686,0.2885249,0.41156903,2.9259174,0.7954394
1535,3.888801,0.813725,5.2656636,0.010162988,5.327426,4.5952425,33.55674,0.13086346,0.18974781,0.27097628,0.34279335,3.067037,0.7238638
1536,3.712634,1.3332052,5.6390615,0.01756461,3.8823872,4.783227,34.142124,0.10445676,0.16030765,0.26125112,0.2840283,1.1647531,0.98548937
1537,3.5996537,0.99990463,6.0298357,0.022241548,4.2924995,4.5538874,33.737507,0.1033248,0.1930393,0.3209872,0.4159733,5.4162054,0.99180543
1538,3.8174438,1.3074596,3.40692,0.022902695,5.266693,5.8610497,34.29784,0.11995006,0.0740062,0.23276168,0.24386975,1.7234343,0.49370238
1539,3.4949493,0.9510617,6.4590697,0.030460134,4.089862,4.288721,29.293411,0.1053528,0.176391,0.25019956,0.26032636,7.0541754,0.99734265
1540,3.9355383,0.7394006,3.7246134,0.024169365,4.2550945,5.858751,35.54599,0.13289826,0.04193151,0.32222745,0.35518593,3.4834037,0.360993
1541,3.6013308,1.2806168,3.4934406,0.020598995,4.711895,5.8027635,32.746788,0.21178903,0.0002824068,0.26903403,0.37843108,2.5182843,0.9576749
1542,3.8793626,0.3802135,5.1899595,0.014219918,4.8019037,5.1845856,34.90508,0.11929287,0.16451979,0.25121272,0.3464802,3.176344,0.85817254
1543,3.6622305,0.54919887,5.081341,0.023322519,5.0927744,5.1421537,32.83387,0.11172178,0.12056267,0.22866598,0.34308505,1.914824,0.8672834
1544,3.7745552,2.4905882,5.4104576,0.00682421,4.4538918,4.9160156,33.773754,0.101967834,0.0346905,0.24487978,0.34786993,2.725356,0.9338781
1545,3.491417,-0.32751644,2.6575966,0.032349758,4.929943,5.4146233,32.36335,0.104531564,0.21241987,0.29264817,0.25606874,4.2020116,0.96519
1546,3.4362493,-0.15570343,2.4511867,0.03141909,5.45117,5.4146686,31.639248,0.12113343,0.17981052,0.27615786,0.2603302,4.700797,0.89812255
1547,3.6828923,2.49023,3.9932456,0.023347843,5.20693,5.3058977,31.556198,0.30674106,0.18382823,0.15593386,0.24700782,3.100408,0.7959797
1548,3.6986775,0.94054437,6.210802,0.014927496,4.5014334,4.8325577,32.03349,0.2591721,0.12351382,0.262019,0.2064366,3.1711414,0.9664649
1549,3.7134657,0.9369774,6.502515,0.01373305,4.1754303,4.6733055,31.982859,0.22823268,0.1454544,0.2757838,0.21300659,3.7162294,0.94861937
1550,3.862042,1.0866265,4.303113,0.020817753,4.726713,5.463501,33.850056,0.115113646,0.16888344,0.31925884,0.31700483,3.142702,0.9514802
1551,3.5670915,-0.12283957,3.9504519,0.025048824,4.711052,5.489854,34.611782,0.10781148,0.18562257,0.2874711,0.3295531,1.6135988,0.94584155
1552,3.67513,0.30187654,5.0844746,0.019092828,5.0021887,5.616064,34.49312,0.11449855,0.049366117,0.28277448,0.30575418,3.491398,0.8695127
1553,3.8419313,1.7096117,4.499788,0.014562556,5.08422,5.715596,32.574234,0.17233558,0.10559583,0.28038543,0.2948427,4.307288,0.8791081
1554,3.7450147,1.3607094,3.8153176,0.03316703,3.573019,5.7938023,35.678406,0.14909776,0.19276965,0.24836576,0.32989573,1.5794686,0.74215484
1555,3.7382212,1.4206991,4.038176,0.028035475,3.4228916,5.807747,34.99531,0.15519522,0.17634118,0.23984721,0.2973752,1.7924044,0.6288377
1556,3.6921263,1.1650279,5.039793,0.022323288,4.851343,5.0611286,32.485554,0.12565045,0.13177705,0.31756127,0.3396876,4.954888,0.9735531
1557,3.664476,1.6690459,3.6844316,0.020636322,3.6491833,5.6325197,35.213665,0.16019346,0.14112926,0.23957768,0.27678424,3.1678574,0.9360021
1558,3.6116333,2.3835883,3.920864,0.027630266,4.116928,5.8054686,31.76809,0.2037367,0.128963,0.20300853,0.3393368,1.7789596,0.8581663
1559,3.610249,-0.06638265,5.178196,0.028441343,4.031992,5.6053486,34.088387,0.23021135,0.13186753,0.20507598,0.26818153,3.409573,0.9605871
1560,3.4691,1.9502091,6.3934326,0.020039055,4.1476774,4.6981125,32.241844,0.12205054,0.1770786,0.3403084,0.28060478,3.3302107,0.9565545
1561,3.5329013,0.09537864,3.3493402,0.029915394,4.286499,5.7783923,35.11702,0.16766158,0.10975742,0.19189203,0.34710938,2.9759953,0.86547524
1562,3.3025994,0.42930937,4.671214,0.043946058,3.7609634,5.802845,35.02887,0.2723101,0.16806042,0.22848514,0.29239136,1.9617211,0.89963394
1563,4.2125473,1.1640749,3.044447,0.015221951,5.564719,5.932914,33.910152,0.10642561,0.10356617,0.28815123,0.35902196,3.32241,0.99550253
1564,3.4983397,0.6723614,6.9092083,0.0157866,4.0121794,4.7612934,33.752266,0.14400566,0.11829078,0.19418493,0.2998844,3.196335,0.5882736
1565,3.9469786,1.1912048,4.1783032,0.01291846,5.618759,5.726672,33.233288,0.103438705,0.17306936,0.33504948,0.4418137,2.3613818,0.9816337
1566,3.5335236,0.63018274,5.310011,0.033767916,4.55616,5.1397734,29.785746,0.10111132,0.12937486,0.23928031,0.23971957,7.154074,0.60638076
1567,3.780384,0.5174053,3.561985,0.015839927,4.9837418,5.592596,34.63376,0.15393156,0.07327342,0.31803352,0.4903528,3.848451,0.99060154
1568,3.6399512,0.025647163,4.067135,0.021608483,5.3562565,5.462265,33.967834,0.107862785,0.18014169,0.25459653,0.2288872,1.9337332,0.90820706
1569,3.809824,2.1376863,5.1893997,0.015284543,4.5464087,5.0203495,31.350113,0.12278493,0.07652223,0.23933384,0.27568477,4.909498,0.93877655
1570,3.861763,2.055038,5.8265753,0.02057961,4.6558037,5.1563797,31.837444,0.12497252,0.06772363,0.2600266,0.2653646,6.29384,0.96158403
1571,3.692793,-0.109819055,4.3922033,0.01693086,4.7495537,5.428351,34.894382,0.16218032,0.15927625,0.23845515,0.21591592,1.7367065,0.81377804
1572,3.834916,1.6900012,5.478734,0.025592301,4.334674,5.082032,31.542158,0.13301171,0.111706376,0.2815346,0.35461187,6.1097736,0.95370275
1573,3.7385387,1.0594366,5.4418178,0.026768072,4.6367664,4.896718,29.754276,0.15226226,0.24333847,0.24258667,0.33874065,7.4284987,0.689503
1574,3.9540749,0.6180172,5.7536397,0.007900303,4.7556744,4.738443,35.298534,0.12274529,0.03813851,0.26645947,0.2125124,2.1235456,0.83897483
1575,3.8582125,1.4524047,6.1114497,0.010007801,4.9433117,5.1697006,33.780594,0.16752678,-0.022972226,0.26428658,0.3341303,1.6556083,0.37825587
1576,3.7306185,1.5612161,5.848027,0.012663919,4.334839,4.267169,34.02033,0.18072733,0.08338761,0.25942913,0.3372973,3.3989222,0.84622324
1577,3.6880226,0.10690141,5.4478607,0.018061457,4.476795,4.6188846,35.140537,0.14133646,0.15763521,0.25187635,0.25390005,3.2840586,0.90624005
1578,3.8514051,2.04257,3.93882,0.012892747,4.669203,5.7493362,33.950428,0.14539102,0.10744059,0.2501647,0.2676045,2.8625202,0.83730096
1579,3.9944706,1.2905712,4.4983854,0.023523824,4.965086,5.762525,33.559036,0.124076165,0.11253047,0.1942864,0.2470401,2.9042592,0.96789324
1580,3.8635879,1.4548092,3.3547935,0.015442407,4.6604815,5.5076065,33.478745,0.12041022,0.15499258,0.19565636,0.2737885,3.048216,0.9582032
1581,3.7836971,2.128498,6.2043986,0.010447275,5.123169,4.7191353,33.256496,0.16230477,0.16718614,0.22416306,0.3099408,2.2609081,0.95578533
1582,3.8131037,5.137268,3.5924988,0.01384107,5.328206,5.417539,30.10343,0.13381332,0.110776305,0.33929583,0.29511094,4.0333986,0.94687736
1583,3.6950846,1.9913392,7.4281025,0.0051654372,5.2498646,3.8232298,32.746475,0.19088423,0.13972294,0.26664138,0.2687011,2.1168437,0.82512844
1584,3.863306,2.1666074,5.7739887,0.005416951,5.258831,4.225206,33.494553,0.1719029,0.085811615,0.27813983,0.25316304,2.2917135,0.8829048
1585,3.5885868,0.3215921,7.633955,0.013261084,4.551384,4.995388,36.032444,0.10949476,0.21157062,0.28098345,0.4236193,2.4521093,0.9145256
1586,3.7816424,1.0032737,3.349662,0.018584855,4.540512,5.8858366,31.67614,0.23555595,0.07398152,0.23655525,0.2768945,4.6221986,0.7066632
1587,3.836124,1.0691566,2.9585419,0.0445208,5.143667,5.8138504,32.271214,0.15264954,0.15924418,0.25343043,0.2852545,4.1605415,0.83851016
1588,3.9404511,1.911592,3.4128432,0.016828898,4.479274,5.79685,33.0636,0.24964947,0.16419315,0.3288286,0.28973264,3.406702,0.8345394
1589,3.778256,-0.26256108,4.788205,0.016621267,5.170182,4.901528,33.481754,0.10606053,0.09908128,0.24147692,0.25078455,2.4295635,0.87296844
1590,3.6602206,0.23245859,6.1667376,0.015350956,4.2770157,4.1984463,34.09546,0.19966242,0.15921867,0.35284314,0.37374264,2.292643,0.9109458
1591,3.9712143,0.9187012,3.3849285,0.024180245,5.086693,5.7725368,33.790195,0.100987636,0.09633124,0.33544114,0.3984564,3.3217819,0.8821389
1592,3.500389,0.15241885,6.184038,0.018725142,4.524193,4.7462335,35.055935,0.31171837,0.17299533,0.2535954,0.40352833,2.3604362,0.9800392
1593,3.606638,0.2801888,5.262279,0.019248419,4.0475616,5.048884,34.50836,0.108291015,0.05521345,0.2445235,0.37826476,3.4288864,0.96535534
1594,3.5299659,0.038401842,2.944569,0.034922462,4.3346176,5.680332,33.402023,0.2042485,0.14732611,0.27529237,0.24106154,4.293665,0.7571292
1595,3.494668,0.11243296,5.419423,0.018961584,4.876156,4.8646903,33.74095,0.12836201,0.12382257,0.20271593,0.4249776,2.5543613,0.90944934
1596,3.9560099,1.8256671,4.7703257,0.016790189,4.955144,5.2231417,31.316658,0.10709072,0.16311562,0.29126367,0.25769654,5.019555,0.92304206
1597,3.5124555,0.033135414,4.1593513,0.048087984,4.0983105,5.6020775,30.982449,0.20290491,0.15274048,0.32561782,0.38855755,5.423636,0.8539355
1598,4.0218925,0.112249374,3.1955085,0.033106953,5.137868,5.6690927,32.926323,0.13343884,0.066185,0.32562345,0.24402489,8.898891,0.94222957
1599,4.146302,1.1874669,4.934402,0.019013686,4.8344316,5.6757812,32.50259,0.10178915,0.115133405,0.33283442,0.2945954,3.2937694,0.77893454
1600,3.4750113,0.2770188,4.237177,0.019212682,4.661278,5.099573,32.489136,0.10341844,0.104569554,0.25948924,0.22433928,3.126465,0.86506826
1601,3.6798167,-0.016507745,4.5715866,0.030488696,5.2627068,5.695998,34.524418,0.1038077,0.097650886,0.30745357,0.23872799,2.6813705,0.56424147
1602,3.7666693,2.1426082,4.847499,0.01933062,3.6969652,5.5220623,32.124355,0.18575878,0.15796149,0.20134825,0.44384933,3.0714872,0.98551476
1603,3.6596575,-0.09656322,5.0530624,0.015625268,5.6129913,5.4484305,35.57251,0.13329071,0.09761906,0.3519807,0.2650461,1.9330398,0.87458456
1604,3.7471461,0.3448422,3.87154,0.018096417,4.7669487,5.051749,34.8583,0.12467603,0.14107215,0.29827914,0.27072412,1.3874183,0.8360863
1605,3.9680429,1.267338,5.4234858,0.025422966,4.796238,5.605342,29.938686,0.13285765,0.10225451,0.2517621,0.29037014,6.501212,0.93231714
1606,3.541687,-0.15870345,3.6577015,0.03856393,4.0102434,5.447564,34.09948,0.15760453,0.1449269,0.2537041,0.23017056,1.5925044,0.81760174
1607,3.860979,2.3848786,3.9305084,0.020728959,4.450307,5.6194077,33.33904,0.18178119,0.08252752,0.25275165,0.49109077,4.1998034,0.997489
1608,3.717784,1.45838,4.0688415,0.028000033,3.750844,5.6887417,33.514343,0.14236993,0.1323235,0.31326735,0.22423896,2.4603508,0.99578863
1609,3.5728478,0.1547699,6.252343,0.012012256,4.8489227,4.629694,34.003727,0.20131356,0.11454189,0.21644017,0.5834179,2.4692903,0.9977678
1610,4.0581264,1.7987597,3.7735853,0.019861903,4.9614677,5.530461,32.182373,0.24974245,0.15123534,0.17039028,0.2042596,3.6316438,0.24880353
1611,3.9447064,0.94037294,6.3571987,0.006513798,5.1021633,4.8326116,32.75452,0.23240474,0.10845661,0.23414603,0.66330886,2.499491,0.99895644
1612,4.09004,0.7064645,7.3536086,0.007732596,5.0176125,4.8910027,35.52497,0.1646153,0.09585357,0.2048609,0.48096877,2.249075,0.9992833
1613,3.8214226,0.502434,6.477764,0.007991925,4.9572506,4.527729,28.61819,0.1717031,0.17084718,0.33745733,0.23448987,7.72864,0.9986908
1614,3.840373,2.725957,7.6963234,0.012773533,4.5859833,4.522277,31.70789,0.114022516,0.15032208,0.28276438,0.20441349,5.597311,0.9993307
1615,3.709046,0.15169954,3.7679996,0.025903268,5.838279,5.72262,35.644913,0.15332341,0.13342476,0.29006088,0.46357793,2.9967923,0.96324337
1616,3.7292256,2.3227491,6.172366,0.026794238,3.9773216,4.809729,32.45847,0.13527465,0.059037566,0.2518916,0.21975088,6.577922,0.5718664
1617,3.8366985,-0.03322184,3.8238997,0.018003188,5.369293,5.400559,32.710773,0.15864204,0.20352232,0.29117486,0.51566255,1.8935297,0.8769878
1618,3.6195488,0.7611456,5.9442973,0.012736954,4.1497135,4.5782056,31.947815,0.16764453,0.094937325,0.27853027,0.20920159,3.2781227,0.6835987
1619,4.1070175,0.3122399,5.1813374,0.009502775,5.1218615,5.0101204,34.11569,0.13947257,0.13634479,0.27354312,0.2343736,1.9507008,0.9148333
1620,3.8198133,0.59976697,6.9307423,0.010705942,5.8984356,4.306834,34.376766,0.14785495,0.18339431,0.3288761,0.21471779,2.7250686,0.49600482
1621,3.980256,0.24928927,5.421219,0.012749971,4.7903166,4.843755,33.063797,0.15743232,0.111934066,0.22238344,0.47745115,2.900594,0.97821754
1622,3.8591905,2.7209058,3.5076737,0.023121433,4.1972523,5.7466764,32.963413,0.23792061,0.10784066,0.24337175,0.24591598,3.5211024,0.9318463
1623,4.101101,1.4768653,4.9159923,0.01096741,5.485278,5.2067223,33.69533,0.11289869,0.122660995,0.30469492,0.20436068,3.5109391,0.64557797
1624,3.498869,-0.25873363,7.861905,0.016060548,4.436571,3.6067517,33.94999,0.15587063,0.14504242,0.27479637,0.2358744,2.455999,0.9248934
1625,3.8437133,1.7014933,3.2562776,0.034092095,4.4465017,5.9142504,34.047405,0.19828546,0.12504601,0.18281361,0.31832328,3.049018,0.8589902
1626,3.851071,0.8066113,5.2535667,0.013861328,4.93655,4.7773304,31.393116,0.13425696,0.10032141,0.3604377,0.33723134,4.7217207,0.93549603
1627,3.4482298,0.8971281,3.2611163,0.028569894,4.6005325,5.7274466,34.349827,0.27757442,0.098419785,0.17459384,0.33234206,1.4607923,0.79821557
1628,3.8571763,1.1248105,5.9752674,0.008630941,4.7008095,4.620436,31.583927,0.12777081,0.11160421,0.3338671,0.3909685,2.519708,0.8439364
1629,3.8507514,1.1808352,5.924405,0.014696665,5.2385035,4.896983,33.36711,0.24712667,0.096585274,0.15371358,0.3004433,2.9380348,0.8056694
1630,3.9216337,0.70529795,6.2465897,0.013159425,5.2778063,4.6254263,32.569798,0.17732754,0.08865988,0.15025565,0.301863,3.0474715,0.66381115
1631,3.7507915,0.08799267,8.049643,0.008653143,5.3756895,4.2439895,34.180492,0.15099464,0.12640738,0.25612354,0.32381302,1.5494151,0.9453808
1632,3.7116585,2.0004025,3.1431866,0.025120083,4.342657,5.7020674,33.545807,0.15443689,0.15228832,0.28339162,0.34743896,3.8365276,0.8464922
1633,3.7663665,-0.19374943,6.341505,0.017129151,5.2904663,4.9836717,34.145607,0.10835437,0.16004336,0.25937057,0.23184165,1.2215084,0.80581784
1634,3.8215175,1.7818413,4.615576,0.034393605,3.585826,5.64054,31.589584,0.13174166,0.0982213,0.21081622,0.25531304,4.123243,0.8831354
1635,3.529263,0.0981071,5.1477447,0.021003326,4.980489,4.1757574,33.150166,0.12069118,0.052202582,0.2851083,0.24118575,3.4051127,0.843174
1636,3.7470264,1.0110078,4.3020062,0.031382326,3.774208,5.3304577,33.136665,0.12608597,0.07558024,0.29190758,0.36407024,3.3535595,0.6913646
1637,3.785832,1.249733,4.7392535,0.016624322,4.413044,5.549008,34.573944,0.13669187,0.04241395,0.2881077,0.2975236,2.8730626,0.8770001
1638,3.7721753,0.8982012,5.315922,0.02177124,4.5002766,5.269491,33.217537,0.20530643,0.17651749,0.21077922,0.32858998,2.7321448,0.91790277
1639,3.7194476,0.6257889,3.7975726,0.015487934,4.466234,5.282808,34.681072,0.1886645,0.25939846,0.25192228,0.33011115,2.9852123,0.6618647
1640,3.636963,0.44745302,4.300323,0.016719842,4.6210823,5.8081913,36.363403,0.15398674,0.19470417,0.24384236,0.31479466,1.3409826,0.5475547
1641,3.7079124,0.8335233,6.7194376,0.024119953,4.993061,4.1664495,28.63888,0.14139566,0.07608724,0.2890231,0.37367332,6.7420974,0.9952874
1642,3.9619336,1.3573046,3.8215475,0.017539434,4.179221,5.6061726,35.954117,0.11248299,0.08341336,0.2832104,0.28472695,1.8580747,0.81641865
1643,4.2508,0.5902395,4.518733,0.031030186,5.53576,5.3192844,30.814613,0.13176475,0.11662328,0.2822635,0.32074755,4.9847403,0.9175802
1644,3.719245,1.1033912,4.3319645,0.029118957,3.8647957,5.4647956,34.355434,0.10909085,0.10489941,0.23671928,0.30748224,1.4870288,0.77871317
1645,3.1194682,2.892919,3.6688137,0.033502687,3.0916233,5.4647303,32.332428,0.108694196,0.108736515,0.2689442,0.3118227,1.4076835,0.937596
1646,3.4102612,0.986969,3.8516307,0.052744184,3.165656,5.601526,34.50651,0.12537546,0.13102281,0.29470503,0.24926855,2.5736542,0.72762346
1647,3.8045254,0.2582295,6.0661683,0.0146400565,5.7098665,5.0860825,33.638847,0.10609797,0.07682288,0.28379348,0.21340103,2.5729566,0.59438884
1648,4.1890697,0.5600736,5.2021365,0.011838469,5.9878244,5.1001854,33.32516,0.20642793,0.12893605,0.2758789,0.23771895,2.4835634,0.96172404
1649,4.2594604,1.4736159,6.07592,0.0070811408,5.379263,5.270694,32.64753,0.17024326,0.14621508,0.27284214,0.22652361,3.6416535,0.9580012
1650,3.8181653,1.2713835,5.9182744,0.013271733,4.5613117,4.6584797,33.05586,0.23070446,0.11693168,0.21695907,0.27353752,1.717891,0.8488181
1651,3.5248036,0.32360888,5.77621,0.025759596,3.503852,5.0295076,32.245808,0.15065975,0.13851523,0.25498316,0.36979675,4.1362534,0.9069906
1652,3.9499164,1.2998095,4.7424617,0.01725846,5.4402294,5.651501,34.90157,0.15689182,0.17815328,0.26168883,0.23252955,4.2015095,0.64265525
1653,3.9608903,0.80590343,4.9633756,0.017849926,4.8303585,5.6541543,34.488518,0.2637059,0.15510094,0.29383025,0.21610111,3.039035,0.43340412
1654,3.6575608,1.4806676,6.1138067,0.019685954,4.6874666,5.0798187,30.4519,0.10331376,0.100749135,0.26282534,0.29262447,5.827903,0.97009134
1655,3.5310884,-0.057890892,3.1141734,0.029820127,4.297966,5.956912,34.799347,0.14731663,0.16374099,0.32403854,0.328702,1.8117352,0.7318384
1656,3.613535,0.24682069,4.980906,0.04374617,4.2518044,5.923215,33.272957,0.111881696,0.17484462,0.27852154,0.35770464,2.2457378,0.7459935
1657,3.4241762,0.5087118,2.2893593,0.026047055,4.5565586,5.17892,35.197037,0.16710886,0.13883317,0.29996285,0.23599835,3.9275012,0.8619671
1658,3.8348823,0.12715244,5.3998904,0.026624996,4.981636,5.8562655,32.59576,0.13475531,0.122017264,0.2906233,0.27260584,1.7229719,0.79442185
1659,3.3743248,0.19485188,1.4999585,0.037924238,4.4053917,5.5474415,33.697643,0.14144775,0.15489602,0.2552748,0.31976423,2.6731064,0.9473907
1660,3.7741184,2.2107024,2.1661038,0.023402048,4.221613,5.9958467,32.46549,0.14758235,0.13253665,0.29746553,0.29378247,4.478537,0.976447
1661,4.081498,0.6097686,3.405887,0.0305345,4.7040834,5.9344063,30.351017,0.20575419,0.12952888,0.15057853,0.35135907,7.238917,0.76926136
1662,3.6107564,1.463583,4.01606,0.029873306,5.2008104,5.246015,32.073753,0.25232136,0.16368484,0.19651297,0.3073515,4.061082,0.92227846
1663,4.287156,0.96950984,5.889268,0.008476201,5.218067,5.400966,32.412018,0.17885244,0.1045953,0.20032248,0.28616446,3.6323307,0.89400035
1664,3.546144,0.4971962,5.4575043,0.028879693,4.230319,5.5337133,33.5147,0.112048544,0.12566507,0.30904868,0.3472919,2.4725327,0.9775115
1665,3.8145256,1.2748888,3.6360154,0.022700654,4.1149187,5.406693,34.675137,0.16883087,0.048948765,0.2750646,0.34646803,2.570592,0.98155004
1666,3.6996493,1.2590444,3.4038177,0.02605896,4.7824106,5.6886253,35.04227,0.23255941,0.05452466,0.24612722,0.45985383,3.7280128,0.98996943
1667,3.861589,0.7900636,3.140893,0.0151305515,5.1083794,5.58315,33.428562,0.17310418,0.09996545,0.23051843,0.3075241,1.9337157,0.95933455
1668,3.9398694,0.031494856,7.3759375,0.013171498,5.274996,4.4527283,34.718407,0.18925455,0.119321465,0.28596044,0.2968656,3.2019205,0.9574904
1669,3.8229437,1.1261444,7.6958957,0.013905654,3.559435,3.7526035,33.846207,0.273405,0.14479363,0.13014984,0.30319664,2.7723112,0.97085965
1670,3.568777,0.8302746,5.724473,0.013306471,4.257082,4.974866,33.039604,0.20458862,0.17968857,0.16401622,0.23828459,2.7203515,0.984168
1671,3.6196413,0.70678806,5.0972166,0.027329756,4.2176924,4.9478045,33.79254,0.14756036,0.1640333,0.21462505,0.2471147,1.9841356,0.96442986
1672,3.669362,0.11679053,4.1300535,0.019513609,5.1980295,5.716058,35.43368,0.18000779,0.10174155,0.318303,0.23037063,2.5229096,0.92716336
1673,4.0635614,1.2567856,4.7807555,0.01312426,5.2738476,5.2667475,32.89845,0.10260549,0.12928247,0.27030113,0.22047515,3.7091124,0.60315335
1674,3.7081895,0.41754103,3.4751596,0.03947357,3.7140265,5.872211,34.99029,0.24981225,0.1278143,0.2800136,0.40055037,3.4336298,0.90441066
1675,3.7130527,0.32325244,3.8579586,0.030285273,5.620719,5.470825,30.362984,0.11905964,0.10244095,0.21735193,0.23102129,3.6400769,0.7797655
1676,4.230669,0.8850682,6.1260414,0.011015244,4.674637,5.0086613,32.36698,0.17128065,0.13280737,0.3064173,0.38675696,5.1202583,0.9391579
1677,3.7617283,0.86064434,5.5458326,0.019454414,4.941471,5.359309,34.51385,0.11424896,0.13618195,0.27503118,0.40954906,3.0109582,0.9474253
1678,3.755156,0.86481714,5.253251,0.021095492,4.2990065,5.2825985,34.092354,0.11650776,0.08515978,0.26214448,0.24978718,2.2843134,0.9018972
1679,3.7148552,1.6635494,5.7766433,0.020362342,4.1068096,5.2839727,34.87578,0.11790954,0.1007632,0.2819799,0.26924947,2.1936889,0.8545062
1680,3.7238493,1.0049353,4.605949,0.010307304,4.5378265,5.164109,32.904144,0.10226481,0.10949707,0.34794602,0.33774614,1.9349,0.91028386
1681,3.4134545,0.09521556,6.663661,0.02379583,3.940876,4.80785,34.507145,0.10813317,0.13065279,0.21782541,0.3188995,2.5092576,0.99315953
1682,3.9422836,1.5078869,3.9382105,0.025476942,4.885952,5.799984,32.51867,0.15299538,0.05456388,0.33999977,0.2774752,3.482536,0.4032757
1683,4.066325,1.2100384,4.1152773,0.021525271,4.8366823,5.6176558,32.073296,0.13788007,0.06512463,0.28122965,0.26604736,3.8374858,0.6821564
1684,3.8682013,1.167006,5.767804,0.028377028,4.884405,5.5085974,33.348724,0.12621911,0.11266875,0.22155613,0.3154717,3.2304294,0.7753848
1685,3.720502,1.2426052,3.1351168,0.02268446,4.189538,5.3568068,29.769472,0.113722906,0.17175531,0.39954898,0.3316859,5.6754766,0.9710941
1686,4.062146,1.9664052,4.483985,0.01897883,4.501646,5.0913916,29.161518,0.2273097,0.047344565,0.18809214,0.31395224,5.9998837,0.6024929
1687,3.4843917,-0.27575386,3.8787637,0.028112384,5.250001,5.1422462,33.6796,0.23909107,0.20786881,0.14520368,0.22866438,2.2538533,0.88398343
1688,4.118535,1.2403879,4.8840957,0.016071483,4.7758904,5.7413063,33.413033,0.24484667,0.058152676,0.15485917,0.25916263,2.7940369,0.7027622
1689,3.4074626,-0.17349899,4.7786756,0.03190716,3.5246334,4.8952513,35.134026,0.19167885,0.18017411,0.22693491,0.36529648,2.575141,0.93098277
1690,3.516098,1.4850142,4.4003973,0.026789824,4.5989504,5.5435143,32.88594,0.18953887,0.16616106,0.19939283,0.25218093,1.5137354,0.9174181
1691,3.8819132,0.6955855,3.8445182,0.022421135,4.3335648,5.8382425,35.12313,0.1455966,0.080233574,0.21840362,0.37943304,6.7461705,0.82454693
1692,3.8753552,0.07456088,4.087396,0.027568165,5.159071,5.634945,33.361263,0.18757805,0.0646981,0.1740967,0.40401304,2.9711664,0.60451275
1693,3.9028902,1.0708594,3.7554727,0.015842909,5.3313923,5.5017595,33.62851,0.12506193,0.16041636,0.3399897,0.25499398,2.4920812,0.9778675
1694,4.094387,1.2483418,5.107211,0.012167161,4.991781,5.457884,33.440605,0.10304037,0.21984196,0.44610745,0.23697832,2.8812447,0.93840176
1695,3.5783772,0.9417491,4.7685575,0.022476453,4.214244,5.448065,32.40156,0.11816668,0.08542669,0.1969744,0.46719843,3.4397905,0.972713
1696,3.6519265,1.4455521,4.716278,0.027234195,4.7529993,5.3495193,32.71174,0.17086521,0.11399114,0.22703597,0.24227905,3.86734,0.9422336
1697,3.8129926,0.29388046,6.2754593,0.012982045,5.254364,5.0429993,31.070564,0.182881,0.14692605,0.20673831,0.25085783,5.8976994,0.98744977
1698,3.9809556,0.41230226,6.514845,0.013860192,5.069227,4.9910583,31.398222,0.20379068,0.17470646,0.20858064,0.26955596,7.2421985,0.9933471
1699,3.3605824,2.1687775,3.456173,0.04285744,3.58317,5.7988462,33.59523,0.13270566,0.087470055,0.3072214,0.33724004,3.7240736,0.7719485
1700,3.9517121,0.37629938,3.8635283,0.020505998,5.691762,5.8785534,34.415226,0.16338629,0.1682756,0.25777525,0.3274159,3.5191374,0.92770344
1701,3.9118276,0.97012115,3.1141376,0.02166931,5.178443,5.6574974,32.476658,0.16541564,0.15706468,0.25699243,0.32408193,2.3050163,0.9536661
1702,3.5723844,0.09094834,7.4849215,0.016741186,4.508544,3.9447198,34.69209,0.15897106,0.17921293,0.23306033,0.34083056,4.3724995,0.98278326
1703,3.9172583,1.2544737,3.4388971,0.018251343,4.6793613,5.917755,33.764168,0.16775957,0.109262705,0.31508568,0.36203265,3.3253424,0.8280723
1704,3.6337452,1.646219,5.200738,0.019298833,4.3454933,5.3106203,30.148434,0.1886003,0.18980098,0.19681242,0.28905267,6.0830903,0.9506194
1705,3.5660377,-0.03347802,6.7304754,0.008542226,4.829015,4.4615374,34.973442,0.16767743,0.061212897,0.2152262,0.3290696,1.4577951,0.712967
1706,4.2324276,1.7166083,4.37401,0.01741508,4.6062775,5.829297,32.25633,0.14660127,0.16108298,0.2982038,0.3441483,4.4506016,0.8640172
1707,3.5258722,-0.46367455,6.0074434,0.01475808,5.5379314,3.9938803,33.19094,0.13015631,0.11224222,0.26370245,0.30243513,2.3223486,0.9315375
1708,3.738058,0.47155094,4.508406,0.025059517,4.463976,5.000716,33.760273,0.11755723,0.08978939,0.26685503,0.27557763,4.444902,0.8407345
1709,3.7324605,0.5466478,5.847503,0.022697609,4.586978,5.2612853,33.021835,0.105849296,0.044825315,0.2652223,0.36678037,3.8553848,0.84477353
1710,3.4114542,0.8462987,3.7590823,0.025849529,4.1825914,5.473795,34.82534,0.1470497,0.13671172,0.30602852,0.29246894,2.9702168,0.9064148
1711,4.1396866,1.1045277,4.6519957,0.017296553,5.3115654,5.286226,31.633907,0.15800428,0.16978955,0.24467131,0.30677274,6.212046,0.9322622
1712,3.4374247,0.35012102,4.470949,0.023592763,4.28224,5.2703543,33.408295,0.1667935,0.08680105,0.2547461,0.30487436,1.1657708,0.7636838
1713,3.5211253,0.058897734,3.6617236,0.037647273,5.1782207,5.607545,33.828407,0.115586795,0.093723655,0.33109334,0.37868893,1.0561607,0.69077533
1714,4.084651,1.5728002,5.685231,0.015281781,4.4535866,5.02561,31.798187,0.27521798,0.1329571,0.20489785,0.32061702,5.164799,0.9504686
1715,3.6987782,3.5112624,3.4569082,0.022397157,4.3639097,5.590932,32.15109,0.13867655,0.040939093,0.23533028,0.35648155,1.4864314,0.9608263
1716,3.584755,0.4497261,5.7556596,0.016697625,5.5507812,4.190013,28.57816,0.10586527,0.17713809,0.36284846,0.3711496,4.3321233,0.9183772
1717,3.4508595,0.7868693,6.215678,0.034955923,3.0366,4.885607,31.888119,0.10489651,0.23306394,0.3023817,0.23867163,8.103901,0.91649246
1718,3.5723453,0.33786988,3.567303,0.021907961,5.2415237,5.471648,34.599117,0.1144391,0.07997537,0.25949153,0.4101792,1.3257076,0.7358058
1719,3.8431926,0.72210836,5.055044,0.01878526,4.6681204,5.450496,33.19412,0.12635449,0.07505691,0.3194883,0.24984482,3.3742566,0.9452239
1720,4.0155497,1.0318706,4.965708,0.019937318,5.457387,5.436577,29.92141,0.13497074,0.18192494,0.24855044,0.24235308,5.1287575,0.58724505
1721,4.0272236,0.90817976,5.194636,0.020099014,5.516591,5.548041,30.197872,0.12877148,0.17784452,0.24644089,0.24193987,4.989854,0.53294057
1722,3.8567438,1.9458628,4.288548,0.06141211,4.5527267,5.4448876,25.105495,0.11494288,0.12981057,0.27680892,0.23769698,9.882106,0.99776614
1723,4.0524216,0.7563975,4.9560747,0.01610116,4.816695,4.860652,29.296633,0.16163589,0.10443032,0.26064366,0.22379902,8.432703,0.602104
1724,3.70334,1.3279839,5.153673,0.0116966795,4.5788336,4.8465486,36.263992,0.12335206,0.15013695,0.25373083,0.3413841,2.7157109,0.98726964
1725,3.6289377,1.0907569,9.343933,0.006846264,4.2715664,3.8479671,32.728077,0.2045731,0.091079116,0.26133552,0.28672495,3.771823,0.70825934
1726,3.805295,0.98468566,8.430311,0.0075395415,3.820158,3.3055184,33.912956,0.19987911,0.11403835,0.2271722,0.29665175,3.7524753,0.7856756
1727,3.723434,0.12757659,3.6492963,0.03217456,4.8139305,5.9934134,34.528427,0.10578228,0.2325679,0.20297304,0.36753643,3.7805648,0.9996234
1728,3.7374368,0.215348,3.304906,0.03828543,4.8377304,5.9934044,33.36439,0.13233322,0.17586482,0.27270103,0.2967149,3.860455,0.9993969
1729,3.7483215,0.52044225,7.819895,0.01756252,4.8546124,4.4680405,32.34174,0.2799655,0.07851231,0.20742746,0.20678806,4.5675845,0.8743786
1730,3.9267406,1.6847486,4.3408833,0.017047826,4.7982674,5.412306,35.31773,0.104762845,0.17119241,0.22833893,0.21921566,1.8301339,0.8776279
1731,3.6924677,2.1304107,4.9602966,0.02652222,4.00305,5.3108616,31.263983,0.10172297,0.18326902,0.37135163,0.2780761,6.164699,0.62414587
1732,3.8687696,0.93727446,3.8576367,0.028877592,4.28915,5.4438314,32.732407,0.11336607,0.18318844,0.3073604,0.31955728,3.3145409,0.9187391
1733,3.8502607,0.87275696,3.711185,0.02521771,4.267744,5.730344,34.450245,0.10470245,0.16214776,0.2783703,0.32405284,3.9505389,0.896377
1734,3.6135178,0.46615434,6.445592,0.019103134,3.9366512,4.2746086,32.661602,0.127953,0.076472044,0.28297046,0.29524365,5.051742,0.86995363
1735,3.5981436,1.9897058,3.4178834,0.018242845,4.362175,5.6705866,33.465477,0.10665304,0.13065696,0.29099953,0.3430711,1.9645963,0.84219986
1736,3.606317,0.8036096,4.8584123,0.03150538,3.4207134,5.2086554,34.510265,0.10724865,0.13932323,0.26336727,0.3085231,3.7824244,0.87431663
1737,3.6069508,0.36111498,5.098256,0.018762888,3.657381,4.8759212,34.521774,0.124711424,0.17243218,0.33991957,0.22681122,2.173931,0.75010556
1738,3.6902285,0.12781048,5.206147,0.016686691,3.5451717,4.994632,34.303345,0.118740365,0.1737777,0.3477813,0.2279315,2.107191,0.5784292
1739,3.8900976,1.2904878,5.463648,0.010993037,5.1234646,4.2480135,31.334663,0.177097,0.08417523,0.21814561,0.2414662,3.140477,0.9405605
1740,4.341241,0.30202913,4.2563176,0.010357409,5.560107,5.354432,34.1977,0.12486242,0.1789552,0.33694595,0.4551602,1.9462384,0.9449093
1741,3.6654882,1.2486291,6.783951,0.01616824,4.029683,4.1734962,32.955498,0.17619638,0.064266324,0.18427885,0.2144623,3.1245449,0.71070004
1742,3.867293,1.2361233,3.9759712,0.02294783,4.8209047,5.386774,34.69585,0.2563658,0.11314571,0.18106537,0.27132672,2.8195083,0.8363366
1743,3.4427142,0.65885615,4.9304905,0.025931722,4.147888,5.208674,34.21838,0.25550935,0.2185309,0.15305528,0.21234621,4.3589506,0.8358326
1744,3.653142,0.8134928,4.4833555,0.019128729,4.6127415,4.9142957,34.315865,0.19650279,0.087264776,0.14616442,0.5214935,2.208714,0.83636695
1745,3.999117,0.6245351,5.2093015,0.029229395,4.541069,5.4117193,31.945507,0.1694881,0.19710016,0.18530071,0.2140042,5.247236,0.88381666
1746,3.9113088,1.0673456,4.991929,0.030160496,4.1228666,5.6945143,32.251106,0.1893473,0.17800403,0.20061675,0.2266209,3.276514,0.9130897
1747,3.5496101,0.5821724,3.336474,0.032850355,4.9337244,5.458628,32.588177,0.15799314,0.093550086,0.25491977,0.47338247,4.2925644,0.7837784
1748,3.5334706,0.80295277,2.2728329,0.042431455,4.7242603,5.425229,32.180016,0.1300255,0.121848464,0.31432554,0.63619715,3.8779807,0.9081907
1749,3.7177982,-0.46543026,6.0929127,0.020370679,4.9779224,4.419407,34.827484,0.14509419,0.14944601,0.22371316,0.23474161,4.191291,0.8915517
1750,3.4913936,0.018542528,5.908226,0.017394727,5.2085476,3.9711275,32.74749,0.1717329,0.142061,0.30248734,0.46688855,3.3811154,0.932695
1751,3.9085045,1.3417568,7.050337,0.02109873,3.5483732,4.637205,31.884094,0.11897305,0.24122965,0.23716539,0.22734088,4.512953,0.5691649
1752,3.7719097,0.7658684,5.7173176,0.0100622,5.1810255,4.7183127,35.11223,0.12678213,0.19891226,0.27972373,0.22674066,3.039322,0.43607876
1753,4.0657225,0.7606952,5.9801645,0.014938066,5.2636967,4.900984,32.874535,0.17305335,0.14428258,0.24251711,0.22560953,4.135789,0.9647737
1754,3.5717764,0.6405096,3.6355247,0.038807847,4.1494637,5.7390738,32.96188,0.118348025,0.14921224,0.2524553,0.29217273,3.1051657,0.8192099
1755,3.280446,-0.10490537,3.5916567,0.05027472,4.372491,5.724617,33.067436,0.17293979,0.11256814,0.21579593,0.3058082,3.7204168,0.9031522
1756,3.2145252,-0.26140583,3.224737,0.06783584,3.734065,5.3199253,32.633392,0.12511669,0.24205601,0.2899907,0.41121495,4.9767866,0.9002224
1757,4.1321955,1.3192599,5.0285177,0.008233449,5.121208,5.443283,34.552345,0.20359209,0.086729765,0.18520871,0.21621004,2.5704432,0.8360137
1758,3.1775322,-0.15453923,4.632829,0.03412852,3.6377907,5.145315,32.17218,0.12988319,0.15204597,0.28914374,0.41950232,4.9456997,0.9146879
1759,3.5762382,0.7377784,5.0056953,0.019802857,4.171335,5.227554,35.021015,0.114775136,0.05260396,0.29380393,0.26686656,1.7133985,0.9597807
1760,3.6504645,0.694273,4.3710823,0.022414165,4.9003706,5.236985,33.550884,0.11112001,0.14088643,0.27174604,0.26983482,6.5038567,0.80932426
1761,3.729621,0.5466454,8.1841545,0.0055099376,4.64468,3.6326535,35.96633,0.2023535,0.10271883,0.23191476,0.29746348,1.2556604,0.97650576
1762,4.1848707,1.9379439,4.317508,0.019975698,4.9206457,5.693426,34.49313,0.14314127,0.084224224,0.29418838,0.2523888,5.266472,0.66781074
1763,3.597475,-0.14285219,6.65298,0.016105557,4.176714,4.7043076,35.50705,0.17225644,0.12074196,0.22390491,0.28281114,1.1129107,0.96397024
1764,4.5390415,1.7549102,4.431362,0.04157189,5.010854,5.728239,24.646618,0.14236718,0.10399914,0.31024063,0.2983076,9.530064,0.7442033
1765,4.3711805,1.9839618,6.142203,0.019196022,4.737072,5.0017576,25.83311,0.11046722,0.1142205,0.29016286,0.27416456,9.94608,0.81149083
1766,3.6727538,0.50472236,7.7692013,0.012885673,4.393445,3.3122735,28.483067,0.10828436,0.14865232,0.2978623,0.21881232,9.2680435,0.7885213
1767,3.7949395,1.0098672,7.843712,0.01674278,4.6792507,3.8322716,27.653225,0.31941566,0.0894835,0.23608273,0.24763435,7.9812737,0.8088156
1768,3.918054,0.6047814,3.288661,0.058188416,4.427971,5.663516,28.335594,0.10829334,0.09356403,0.2367298,0.36782944,9.808609,0.8207098
1769,3.8427286,0.9049525,3.6266332,0.028806323,4.7658052,5.6014576,28.420887,0.10984673,0.10716331,0.26734817,0.31753644,8.839584,0.8915073
1770,3.7648587,0.29458976,5.289237,0.06806113,4.121748,5.4209423,28.269209,0.11293497,0.07117307,0.29061455,0.260076,9.343484,0.88170815
1771,3.7123108,0.5187235,3.0110059,0.059361067,3.7292862,5.695245,30.032166,0.12540622,0.10715592,0.25482982,0.24472938,9.669628,0.7642177
1772,4.435851,0.64893603,6.981226,0.011232823,5.1119432,4.3746395,30.790283,0.24120307,0.21998322,0.22064497,0.40317202,7.306675,0.816532
1773,3.4848437,0.20915103,3.8656802,0.04650609,3.4520493,5.855255,34.373802,0.100950114,0.05567491,0.31854567,0.3280713,1.6905482,0.87478894
1774,3.6195946,2.5216756,3.0669565,0.016743423,4.0790854,5.5598173,33.401352,0.103062734,0.1641165,0.26725844,0.2332784,3.365796,0.96751696
1775,3.748232,2.754519,2.4419591,0.017391108,3.845955,5.403694,32.79236,0.10378028,0.17481434,0.26087976,0.22942835,2.6984518,0.92886853
1776,3.8033733,0.99068666,4.171707,0.026999716,4.373826,5.9256673,31.920536,0.19293883,0.06793451,0.33093807,0.21821085,3.4884682,0.67786676
1777,3.750904,1.0615027,4.1222916,0.027333764,4.502285,5.899458,32.80848,0.16552356,0.06792104,0.31311384,0.2223778,4.0040083,0.7965742
1778,4.0158176,1.9624314,3.74427,0.01500404,4.9953175,5.8030634,34.176125,0.13786462,0.0976814,0.23995468,0.25485224,2.2496328,0.83976823
1779,3.9097924,0.4594791,3.9818826,0.029285617,5.0036373,5.7842083,30.851267,0.15485908,0.12260282,0.3325419,0.26359016,5.2271047,0.77950275
1780,3.47785,0.46159935,5.3168316,0.03243241,4.5466557,4.726204,27.50477,0.14840275,0.16279519,0.25797498,0.25631157,8.371878,0.8511512
1781,3.900012,1.1047485,4.462479,0.006358423,4.545288,5.4979887,34.04501,0.1247388,0.08896732,0.32496208,0.2880484,1.5299356,0.92610365
1782,3.942789,1.5023334,4.889191,0.020621818,5.0791254,5.3691854,32.629395,0.17146674,0.19161236,0.2495332,0.3794029,1.1861932,0.9040104
1783,4.0427,1.6074202,5.5412016,0.01086091,4.438586,5.771986,34.23264,0.13536437,0.12087524,0.23765233,0.2284847,1.6420641,0.8324798
1784,3.3462787,1.5748944,3.975897,0.04465676,3.7608624,5.5211735,31.000086,0.18408671,0.098516464,0.30172506,0.35357022,5.822742,0.7963266
1785,3.7759385,1.0480149,3.4623666,0.039570805,4.478195,5.7567477,30.754932,0.12943523,0.133847,0.24835262,0.28069204,6.4327354,0.87175107
1786,4.0255327,1.1180425,4.2696924,0.02992338,4.392481,5.746709,31.01934,0.12867515,0.0908643,0.23405585,0.40055,7.5891657,0.8304396
1787,3.7397466,0.14197397,5.919447,0.024350423,5.0108433,4.9358354,33.106213,0.10992648,0.16376698,0.2018242,0.28766185,1.362035,0.76016337
1788,3.7397466,0.14197397,5.919447,0.024350423,5.0108433,4.9358354,33.106213,0.10992648,0.16376698,0.2018242,0.28766185,1.362035,0.76016337
1789,3.9981542,1.6810749,5.168126,0.016433828,4.669276,5.080572,32.177475,0.11696377,0.10387504,0.32743296,0.4036821,6.345666,0.91499317
1790,3.694388,-0.037410975,4.8904996,0.029304605,4.260215,5.294593,32.88326,0.27037576,-0.0120841265,0.1697911,0.35294232,3.227696,0.73001224
1791,3.9532905,0.18087792,5.4718943,0.013704525,4.7196884,5.045002,34.341286,0.1717073,0.19348574,0.28887263,0.43221664,2.679121,0.93556654
1792,4.088423,0.63397884,4.3891416,0.020923138,5.13542,5.5816526,29.769901,0.116321914,0.034744263,0.23388937,0.21408577,6.9675655,0.72726315
1793,3.5455604,1.4361129,3.6919494,0.05125266,4.2162952,5.333595,28.015982,0.16335943,0.19457352,0.260217,0.29267284,6.8609934,0.98861176
1794,3.6190405,-0.0040510893,4.4940886,0.031359244,4.2558594,5.3870115,30.49506,0.14377114,0.0857923,0.21899249,0.3408746,7.2282114,0.9667641
1795,4.090968,1.7284255,5.003003,0.023425054,4.29749,5.60427,29.235357,0.14921644,0.15757799,0.3023684,0.2745731,5.7916574,0.7208292
1796,3.6667666,2.737638,5.495242,0.015376564,3.6649904,4.501226,32.231453,0.1564197,0.20514023,0.2529436,0.2921492,4.840275,0.914125
1797,3.9803948,1.2253308,7.006092,0.00861036,4.862591,4.1419134,33.64116,0.14935923,0.08305609,0.23574719,0.34190202,3.8688135,0.84310514
1798,3.9389358,0.62493277,7.9424477,0.0061210054,5.2290163,4.3698363,34.555283,0.1802051,0.17541373,0.266601,0.2559684,2.070556,0.9894021
1799,3.8345351,0.122323036,7.025106,0.0062150336,5.391656,3.5472436,33.818336,0.17482616,0.18723881,0.27119598,0.26203144,3.2732625,0.996624
1800,3.863903,-0.10108566,8.482521,0.010430558,5.134104,4.4276276,34.843925,0.17543197,0.091034055,0.25679633,0.34398037,1.7604126,0.9964077
1801,3.819755,-0.008428335,8.159887,0.011703979,5.0767946,4.506029,32.91745,0.14891227,0.08314335,0.3183287,0.3796388,1.4137388,0.99345547
1802,3.8484778,1.8600771,8.026005,0.011462391,4.602313,4.5635395,33.627518,0.12519503,0.19267774,0.2956755,0.35675347,1.5908918,0.5417648
1803,3.5017276,1.4127357,5.6666765,0.013807267,4.0348206,4.6035357,31.848003,0.11032167,0.19825482,0.39718157,0.32336336,3.2722275,0.9129693
1804,3.5608788,1.172416,3.924973,0.046550214,3.1250496,5.7288294,34.423496,0.10865287,0.08133018,0.21271935,0.3296781,2.8018837,0.98493075
1805,3.366311,1.2387276,4.080329,0.041992027,3.0360136,5.672361,34.01382,0.106053755,0.08330572,0.21809839,0.3182212,2.718466,0.99094206
1806,4.2919207,1.7323656,6.6851707,0.007610521,5.2319,4.991444,34.41136,0.10507489,0.18596983,0.2182504,0.25542217,2.6159873,0.8664619
1807,4.0461264,2.7514048,6.0154495,0.0076145525,6.02388,4.9913855,32.792595,0.1083669,0.18676615,0.204188,0.3141628,2.4678261,0.87960386
1808,4.362726,1.4550152,6.2944956,0.0075330217,4.9832582,4.7726097,32.060787,0.115869805,0.18645906,0.2630331,0.3189566,4.548774,0.9176342
1809,4.212631,2.1971993,7.8238487,0.004755394,5.3890686,4.4802113,32.933193,0.16553652,0.13345289,0.27943227,0.50034726,2.9815764,0.86419004
1810,4.3279133,3.7851,6.8646746,0.0026204563,5.4759083,4.527235,32.986275,0.11044766,0.16429043,0.2625748,0.25104085,1.190052,0.91581106
1811,4.28953,4.371857,5.6756186,0.0037215122,5.5478153,4.711558,33.27876,0.12775695,0.17123342,0.337955,0.41951972,1.4480335,0.8679001
1812,3.5333142,3.39252,4.3443575,0.0501526,2.9936552,5.658534,32.9757,0.22066005,0.094916105,0.24310926,0.23372632,2.9357433,0.9090688
1813,3.9449267,-0.16970646,3.8080363,0.02445948,5.8397245,5.7993054,34.71167,0.10737845,0.1921426,0.33134836,0.37423122,1.9909247,0.79926866
1814,3.8973885,-0.29108024,3.6305757,0.015728582,5.9133015,5.883066,33.95849,0.102636464,0.15909708,0.27153823,0.2457578,3.8596807,0.7661629
1815,3.5774293,2.641994,4.3967156,0.025070803,3.6107244,5.0487432,32.889656,0.17489126,0.11384404,0.21826987,0.45633465,1.1438366,0.9274539
1816,3.8330398,-0.32994258,5.195967,0.013997789,5.076227,5.2438874,34.224274,0.1959793,0.18295419,0.21144491,0.21623312,1.3530959,0.8767374
1817,3.728486,0.6478305,7.7125244,0.009298321,5.1647863,3.6915812,34.604523,0.13819316,0.120155096,0.2662077,0.4208364,2.6796412,0.82463056
1818,3.7738194,1.7274294,2.5103083,0.026214242,4.9367027,5.7079725,31.77061,0.15034294,0.14742911,0.2457996,0.2473282,3.781457,0.87765115
1819,3.8018212,0.57434344,3.204637,0.023036525,4.103059,5.887576,35.249615,0.15497118,0.11912656,0.19048429,0.37333065,2.7090478,0.8183621
1820,4.0929985,0.9079225,4.1442122,0.027560413,4.6867323,5.808558,33.257126,0.21278495,0.06826198,0.24854746,0.2835475,3.1797419,0.9574681
1821,3.8067985,1.260052,3.898595,0.01394058,4.5469294,5.648532,33.829834,0.18759105,0.09779668,0.19340476,0.3192339,3.0547743,0.92463607
1822,3.3449721,0.17918897,5.7194953,0.022670772,4.301895,4.2851696,34.580826,0.11481907,0.16373265,0.30105126,0.30520475,3.9133363,0.8188326
1823,3.1064348,0.015091896,6.3973894,0.021232195,4.494296,4.522772,32.90422,0.11572242,0.17220926,0.35092586,0.272376,4.030983,0.713428
1824,3.8812118,0.339262,4.8108625,0.013691964,4.6052656,5.785633,33.937126,0.12984848,0.23785424,0.216265,0.26126236,1.8249713,0.667222
1825,3.856421,0.4389372,4.3165674,0.02284744,4.7174683,5.1268606,34.584053,0.16820244,0.17159355,0.22093491,0.52819425,1.3870122,0.9329654
1826,3.696764,1.1935451,4.3674355,0.02306167,4.250307,5.85579,33.833984,0.14439249,0.06192577,0.27463734,0.21243313,1.243167,0.7667987
1827,3.7932448,1.0054097,4.553462,0.011621218,5.094101,5.4490366,32.811157,0.10665798,0.2615652,0.2868834,0.4934944,1.4129136,0.93114644
1828,3.7971587,1.1357124,5.074669,0.014567833,4.63216,5.706215,34.56588,0.21581496,0.0071042776,0.21237461,0.21493259,1.8151646,0.7213068
1829,3.6242027,1.1371031,3.9182215,0.01621589,4.0792704,5.582122,32.77494,0.13001066,0.034025192,0.18626812,0.24488069,1.3124171,0.88235563
1830,4.2834625,0.45208,5.522931,0.0121448245,5.4036856,4.6122317,32.0864,0.15178537,0.20546162,0.35029906,0.33780855,6.381463,0.8545952
1831,3.3986287,0.96769094,3.3605347,0.044764414,3.8171673,5.708023,31.675919,0.22738624,0.030219913,0.18746282,0.32482666,6.2539153,0.77224714
1832,3.7303424,-0.49625492,4.464519,0.033678573,5.9138002,5.540328,31.57792,0.13599163,0.17214191,0.32694608,0.27704516,5.0185213,0.89657515
1833,3.6591873,-0.28008997,4.2709017,0.028226553,5.32176,5.377234,31.508404,0.25821796,0.11683524,0.27177793,0.30819857,4.557184,0.85648793
1834,3.5585523,0.52408266,4.6008496,0.020649914,4.5147877,5.659785,35.79832,0.1035852,0.13355613,0.2378129,0.3178859,2.231782,0.76400274
1835,3.9394517,0.7995131,4.0438914,0.027501086,4.137727,5.4212027,32.616096,0.14587452,0.11356521,0.21607736,0.39019173,6.018178,0.9992317
1836,4.0302277,1.178072,4.4202986,0.02798578,4.383239,5.7840405,32.21837,0.114996254,0.09633386,0.26595274,0.2901194,2.7991045,0.99904734
1837,3.6800594,1.7130873,3.1543903,0.035134938,4.567356,5.740286,31.914885,0.117229216,0.071875334,0.28487998,0.5113666,6.429259,0.9992082
1838,3.513235,0.5073066,3.950819,0.04408931,3.1563807,5.8425694,33.281906,0.2068935,0.1257081,0.28039566,0.2544526,2.6499462,0.9746801
1839,3.7873802,1.326818,3.3039432,0.018369462,5.052063,5.750929,32.32733,0.13449459,0.084050775,0.19916034,0.39017272,2.3067834,0.88500327
1840,3.8894057,1.3861794,3.5807953,0.036037482,3.6951551,5.8686867,32.36293,0.117301546,0.19502068,0.38829088,0.2454235,5.200306,0.7675478
1841,3.6431298,0.18412828,3.7672043,0.022086186,4.380232,5.2515583,34.93834,0.11104376,0.07334399,0.20594102,0.22259018,1.2852623,0.777865
1842,3.2194085,0.39380836,2.6189847,0.024029775,3.310606,5.870615,33.937695,0.11593807,0.23958862,0.29834276,0.40083885,1.3441467,0.9993494
1843,3.581194,1.5230896,3.2893782,0.015580524,4.4023323,5.9880366,34.161247,0.23668507,0.00295043,0.24005812,0.35543013,1.9950423,0.51684684
1844,3.7606716,0.46512938,3.4167101,0.031772446,4.498207,5.972082,34.104336,0.110106,-0.025135994,0.28993934,0.24148685,1.5625304,0.8261861
1845,3.8472147,0.56365275,7.1688185,0.021104475,4.633608,4.82006,31.511919,0.12244551,0.27339685,0.25249532,0.275713,5.5954657,0.9386823
1846,3.6377506,1.4908686,7.8900204,0.008278536,4.3961697,3.4277797,31.76569,0.16316739,0.024333239,0.29327554,0.35079312,4.0939994,0.7636491
1847,3.9842763,0.49538398,7.8161736,0.0047446233,6.17,4.322936,33.35312,0.13296707,-0.040638626,0.25605604,0.3216957,2.551313,0.711922
1848,3.7486434,1.3653474,3.052905,0.03167586,3.6377296,5.7277784,33.21807,0.13986096,0.22636521,0.29359892,0.2496163,2.8911653,0.98265797
1849,3.7363114,-0.13396442,6.4484854,0.016373247,4.7351475,4.608778,33.511055,0.113637775,-0.010950208,0.27145883,0.20548886,3.6909833,0.4033893
1850,3.7447762,-0.051633835,5.9515424,0.014406093,4.8873825,4.658018,33.270782,0.1142706,0.010138631,0.27469102,0.20727947,3.451239,0.55033696
1851,3.8392153,1.9303167,4.251832,0.022253761,4.5252237,5.6378603,33.613342,0.10111048,0.03767264,0.3643034,0.4750737,2.2245274,0.813925
1852,3.7884927,0.4967754,4.1166263,0.02340298,4.5091734,5.619521,31.514446,0.10792015,0.12255967,0.32447642,0.28566787,6.5502286,0.7516352
1853,3.771799,0.2988596,5.095105,0.030681944,4.647352,5.315771,34.082848,0.106093675,0.09029782,0.30708256,0.27704906,4.082298,0.78456783
1854,3.579751,-0.25240827,6.0433054,0.02126104,4.304205,4.947137,34.03462,0.10838449,0.10217416,0.30378363,0.36200136,3.8068945,0.90542877
1855,4.033782,1.6795797,4.381362,0.01055487,4.701214,5.597371,33.404808,0.14781523,0.11416364,0.22215803,0.29298204,3.0857534,0.74287045
1856,3.7945495,0.37305617,5.1810794,0.011165715,5.584159,4.9069366,32.182644,0.13498032,0.112149954,0.27442917,0.3319381,3.945439,0.9505751
1857,3.8997898,0.68437123,6.1971064,0.014367446,5.322715,4.818883,33.841015,0.11321503,0.083393216,0.25981832,0.34734988,2.4610462,0.8441636
1858,3.6481938,1.2856467,4.244874,0.028145058,4.446018,5.052594,32.055008,0.12266502,0.15188742,0.29927146,0.24005596,3.7167592,0.9548829
1859,3.4270535,0.7198422,3.8127944,0.027725618,4.621911,5.557457,34.656204,0.1575334,0.12469983,0.21885657,0.683011,2.5241475,0.774968
1860,4.1417494,1.1416905,8.20203,0.011503756,5.06584,4.2884455,32.19227,0.12780261,0.14061046,0.32269484,0.29513967,5.1385922,0.88625264
1861,3.479434,0.42301607,7.521522,0.008835547,4.3909454,3.2699556,34.51962,0.17283392,0.13681352,0.20154597,0.41373706,2.0958447,0.9543433
1862,3.7434812,0.7344103,7.655567,0.009728802,4.846081,4.3305097,31.905975,0.1443493,0.19735777,0.20913841,0.32331768,3.5918467,0.8986042
1863,4.315584,2.1344466,4.589062,0.012748014,5.002981,5.657235,32.234337,0.18089226,0.15798223,0.20050952,0.39965886,4.6550064,0.90529644
1864,3.5719042,-0.30814767,7.9194555,0.010745822,4.9845123,4.1806993,32.78947,0.13103344,0.12483132,0.35268226,0.25437698,2.5174415,0.9462884
1865,3.5367184,-0.2288233,7.174477,0.010651898,4.94005,3.5938025,32.832565,0.119473085,0.10807955,0.35474244,0.30772132,1.9124954,0.95854896
1866,3.6152558,-0.6219946,8.104755,0.011618052,4.8554077,4.211007,34.60544,0.10558348,0.072992206,0.3601806,0.30985028,1.6451781,0.92975473
1867,3.6564302,0.21886754,7.054229,0.010355517,5.1548395,4.177271,33.731056,0.13109533,0.1892891,0.26828644,0.29104102,4.280903,0.8468547
1868,3.9145112,1.5955424,5.3423643,0.011818705,4.692604,4.957513,33.65305,0.28066683,0.08270705,0.16243319,0.40279764,1.7698234,0.9303982
1869,3.5737271,-0.1883353,5.840125,0.017049232,4.555208,4.458478,34.762943,0.19887292,0.17146552,0.21791124,0.2618282,2.015303,0.7501512
1870,3.6959152,1.091409,4.6673536,0.015644046,4.7441654,5.4112825,34.08572,0.16044341,0.17559302,0.21876171,0.26087087,1.6234791,0.72927105
1871,3.7270508,1.0662906,4.643571,0.020944245,4.4388905,5.716841,33.790203,0.17835286,0.1474359,0.28791082,0.3464687,2.7865565,0.9110987
1872,3.7229834,1.0824227,3.681987,0.0249644,4.427616,5.5524216,34.305836,0.1478502,0.1494317,0.2854757,0.3097252,2.5806336,0.90210456
1873,3.6443844,0.46240115,5.1675653,0.022314865,4.750098,4.9054317,33.499935,0.11629975,0.08436775,0.2731093,0.34973896,3.6234672,0.88658834
1874,3.5049624,-0.12842762,5.767852,0.026444042,4.34597,5.105505,33.91603,0.15499537,0.10159981,0.3212775,0.36781883,3.2154489,0.9817384
1875,3.693234,0.7404454,6.3602047,0.011890554,4.406618,4.1209097,34.00679,0.1470152,0.10171974,0.22649252,0.21322142,1.947752,0.69330436
1876,3.5712414,0.41170526,7.7086287,0.012550481,4.337881,4.290347,32.4342,0.15691692,0.20149112,0.24574289,0.24174735,3.622174,0.8799259
1877,3.8316503,1.3580246,3.9272432,0.046103694,4.4308662,5.4521065,30.195473,0.104282305,0.029501796,0.25821394,0.35612828,6.7203307,0.9411059
1878,3.7058945,0.82705593,4.0141106,0.024196746,4.7546587,5.6633024,30.521038,0.11724174,0.20301461,0.293488,0.29937482,4.552539,0.718065
1879,3.847413,0.14080691,4.674048,0.029206676,4.259816,5.8406568,32.992878,0.15558106,0.082056284,0.31767163,0.31096584,5.7258,0.94425476
1880,3.8959703,1.3889489,3.557259,0.021226259,5.9072285,5.42492,31.105515,0.10452244,0.1693443,0.26893368,0.31049395,3.5074387,0.9358696
1881,4.139558,-0.6633117,5.0047827,0.021765491,5.7508526,5.141199,32.0526,0.27518925,0.20842874,0.26140192,0.37605613,5.9407287,0.7163887
1882,3.6236615,-0.16137171,4.9914136,0.031301692,5.7952347,4.8429036,31.200464,0.119888395,0.27634656,0.19397208,0.49115115,4.672842,0.9570959
1883,3.5857768,1.6907115,6.6626406,0.016001735,3.9298382,4.279709,33.08782,0.13564125,-0.020375252,0.2917588,0.21827422,1.8349576,0.72514176
1884,4.0384073,0.8610916,5.4221754,0.010173123,5.212639,5.2258162,33.776802,0.20775743,0.15396011,0.22356337,0.40221077,1.5950176,0.828009
1885,3.4545565,0.51497483,4.5415144,0.05016656,4.0040817,5.1005955,31.130102,0.14261708,0.13090742,0.32103252,0.21039732,6.5889444,0.80859804
1886,3.5135098,1.0387437,4.9425735,0.035574965,3.5664597,4.8920326,31.86861,0.1665827,0.08842337,0.26230988,0.21932913,4.3585377,0.7218984
1887,4.441455,1.1983097,6.0568075,0.005837437,5.2264595,5.1739693,34.69616,0.11039995,0.15699005,0.304303,0.30660594,2.1263657,0.9910499
1888,4.2615604,1.0815687,5.848437,0.009072845,5.962076,4.9395776,32.76207,0.10710533,0.04008615,0.32645488,0.4455804,3.9118273,0.9934716
1889,3.107226,0.42593336,3.7039354,0.040512137,3.253788,5.7691464,33.989742,0.22212875,0.24508369,0.14337,0.42441076,1.6517115,0.89801943
1890,3.8182,0.36224866,5.135514,0.027283672,5.096035,5.2548285,32.91295,0.21110424,-0.014094591,0.13215058,0.22166371,2.768642,0.54547334
1891,3.9514031,0.8781688,3.3953469,0.01858623,5.340687,5.7750587,32.454826,0.25444797,0.024780393,0.14730458,0.264677,4.8485165,0.76880413
1892,3.9368362,0.48452377,4.506126,0.020289496,4.978223,5.7985516,32.586884,0.15128474,0.026370525,0.16637585,0.32512432,2.5647638,0.78993326
1893,3.8264403,2.185769,4.695287,0.023084393,4.079464,5.4501276,33.091824,0.11427894,0.23504758,0.33925882,0.2854102,2.4431968,0.7413652
1894,3.6962638,2.2647924,4.1744423,0.013428425,4.2742815,5.3838973,34.98657,0.15051487,0.18241155,0.2950063,0.31462452,2.3040051,0.7268613
1895,3.9171891,1.5899026,5.1189775,0.017720448,3.946846,5.3819466,33.600292,0.122162305,0.17881882,0.2617499,0.35501367,4.5402117,0.87622637
1896,3.707005,-0.23083508,5.218525,0.01689135,4.983284,5.3092794,34.90748,0.111355044,0.14690459,0.26643732,0.34000623,2.4698143,0.8682006
1897,3.6993976,-0.12841415,4.6353617,0.019939736,5.2410545,5.132555,34.496426,0.14230217,0.12746048,0.29289505,0.29363436,1.8836397,0.88430643
1898,3.5538602,0.13036942,5.254465,0.015586668,4.708997,4.7693577,34.432182,0.16332579,0.14334822,0.23318806,0.27682313,3.175872,0.80888474
1899,3.500369,-0.48525333,6.100489,0.02562354,4.5272274,4.9751105,36.721565,0.12992205,0.1556387,0.23527217,0.31133693,3.8433552,0.83764654
1900,3.9926252,2.5133886,4.3934107,0.019965451,4.7838306,5.7821007,34.797947,0.16882448,0.07616484,0.27019092,0.31599575,2.0745013,0.93038005
1901,3.727054,-0.43636024,2.9685206,0.024651857,5.1874313,5.8285513,31.599262,0.121488005,0.15949738,0.25024533,0.2850909,4.80503,0.8480378
1902,3.7937245,1.3868554,3.9068308,0.03414705,5.092765,5.7933507,31.674097,0.22844994,0.13309646,0.24234757,0.41195825,5.482876,0.9015322
1903,4.135296,1.665587,6.778085,0.009961486,5.0236473,4.423093,32.009163,0.12523048,0.13956189,0.3218539,0.22491233,5.25642,0.9106145
1904,3.9432406,1.0103698,3.1719728,0.023675965,5.405037,5.6776304,33.917515,0.12188085,0.13751423,0.29022765,0.20591404,2.1935654,0.92036974
1905,3.6858401,0.11215067,4.0754676,0.022493485,5.1626244,5.8019977,32.94809,0.11521501,0.14370322,0.25528792,0.23081891,3.6323195,0.97901547
1906,3.6528678,0.22428155,5.3267994,0.026643157,4.442932,4.7493696,33.417107,0.101228274,0.0714556,0.3308207,0.32952875,3.4760711,0.88402414
1907,3.8425803,0.9354477,4.282896,0.019505788,4.636982,5.5546913,33.51843,0.100190945,0.17299235,0.24265787,0.34253865,2.4816847,0.81067526
1908,3.8318944,-0.18718898,5.641131,0.013249946,4.8685417,4.734626,34.80809,0.25012293,0.15163195,0.20185313,0.30800164,3.039029,0.7849455
1909,3.9689975,0.74230003,5.282806,0.01923995,5.1968775,5.399337,33.74379,0.1394812,0.11961341,0.28820142,0.30195385,2.603077,0.8790406
1910,3.3760796,0.7074282,3.850946,0.035655823,3.8169584,5.556974,32.63241,0.11797074,0.12138307,0.2561915,0.31774518,2.5314436,0.8978719
1911,3.6867733,0.7739911,5.31521,0.020607723,4.887165,4.734452,34.04021,0.11031723,0.16681087,0.32940972,0.28790036,3.0482097,0.8883969
1912,3.9486785,0.60880494,4.70383,0.01642613,4.9630175,5.5672545,33.866337,0.20180261,0.0971992,0.19588217,0.3355605,3.261223,0.919075
1913,3.7723255,1.1250968,5.6776757,0.015681332,4.688484,4.7328095,33.915848,0.1126885,0.1537137,0.33968514,0.28466472,3.325745,0.87058794
1914,3.6355138,-0.16901004,5.024903,0.016970335,4.577407,4.973181,34.956257,0.11107688,0.19809914,0.27904895,0.38523304,2.1331348,0.86968106
1915,3.937945,0.8174372,5.883301,0.009423818,5.026331,4.4570994,32.91789,0.24547186,0.12746227,0.2446441,0.23091215,3.9750955,0.9032769
1916,3.8595705,2.0294194,5.5689797,0.015189747,4.602947,5.4342747,33.688164,0.11088557,0.17224789,0.233749,0.2373065,2.3618608,0.9775992
1917,3.8682542,1.4833155,4.5401354,0.015522997,3.7098036,4.931575,34.108086,0.11383333,0.1574769,0.2606691,0.25796002,3.0347853,0.9623348
1918,3.5691705,0.9057572,4.2264404,0.020836964,4.513262,5.459443,32.232727,0.16437972,0.013455629,0.24630454,0.4274822,3.5343614,0.4976968
1919,3.5881734,1.3232493,4.425474,0.026148617,3.5171518,5.683422,33.440796,0.13774994,0.12609577,0.28457546,0.258695,3.2393274,0.9904191
1920,3.6107183,1.6530607,3.702525,0.030217953,3.8494577,5.3092833,32.03929,0.1346615,0.06881511,0.30946866,0.37794575,4.335976,0.9927617
1921,3.7351546,1.3108168,5.1414537,0.030020798,3.397686,5.6322355,34.32179,0.13131702,0.120435,0.24563134,0.33383733,3.551936,0.99589074
1922,4.0834904,1.3012223,5.9361897,0.011315871,5.94779,5.175831,29.721079,0.15237212,0.10481155,0.34819713,0.30719092,5.5166516,0.48614234
1923,4.2072124,2.6677675,5.7053847,0.013460871,4.4533577,5.0235777,32.6714,0.16453373,0.17575538,0.22717664,0.3891917,4.8177133,0.9983754
1924,3.7718172,1.6235406,6.306509,0.013464374,4.4722605,4.558545,31.427307,0.26311865,0.1307596,0.21985547,0.3477474,3.3757129,0.9971203
1925,4.099597,0.547127,4.6648993,0.02279786,4.458576,5.4706907,32.240578,0.10273292,0.13094103,0.34147328,0.22860697,4.387478,0.84896344
1926,3.5812998,0.7663946,4.7820587,0.025368664,4.082861,5.2873526,33.909134,0.18219997,0.12064457,0.31154463,0.25866857,3.5693731,0.960329
1927,3.893938,1.2210655,4.1888657,0.02720098,5.0447474,5.8498683,32.55006,0.13934374,0.24099755,0.2202344,0.31643367,2.671537,0.44754872
1928,3.8698697,0.70033,4.080201,0.025797486,4.2600174,5.409147,34.139484,0.19277045,0.25852275,0.24638265,0.32636672,3.2193267,0.78280026
1929,3.9498196,0.7078104,5.382844,0.012665874,4.511571,5.261894,35.221382,0.15098195,0.078280926,0.28568357,0.43940952,2.2701435,0.9788978
1930,3.873188,0.72044706,4.5805864,0.01009061,4.7354717,4.9788256,35.172695,0.14338845,0.068879485,0.28591827,0.3543988,1.7079543,0.97982097
1931,4.035118,0.86866236,6.5976477,0.014634635,5.148181,4.89193,33.372322,0.1983757,0.12141144,0.24758929,0.29385513,2.8429523,0.98072135
1932,4.0225315,0.9312341,6.4887843,0.015878776,5.0141735,5.213456,32.784805,0.16461217,0.11932421,0.26224762,0.36148167,2.4174705,0.94277674
1933,4.002205,1.2274404,6.502781,0.005188128,5.2593155,4.167446,33.522247,0.22845832,0.16503096,0.3140652,0.38796222,3.3289251,0.9835974
1934,3.6903143,0.7417557,4.3201866,0.02629238,4.406231,5.612941,32.73158,0.11673459,0.12229121,0.21313968,0.26330635,2.3951888,0.9983041
1935,3.842122,0.6014917,6.0452747,0.012372808,5.126876,4.8487444,33.41113,0.111602,0.1316694,0.22556108,0.25193247,3.1137404,0.951228
1936,3.8212886,0.16150284,4.44732,0.016323665,4.7409744,5.2345753,34.44023,0.2983643,0.15562117,0.23144248,0.30660865,2.066112,0.83018696
1937,3.5340953,0.037427902,4.1560793,0.02953947,5.128519,5.218763,32.007805,0.111364394,0.12957215,0.27932498,0.31459716,3.2868798,0.9031624
1938,3.8672404,1.7542315,5.089382,0.024244212,4.338459,5.542803,33.25276,0.15463626,0.1289128,0.2902877,0.26802042,3.9893832,0.89236027
1939,3.6338816,-0.27599752,5.338661,0.015489433,4.5782623,5.2629633,34.234756,0.1393956,0.11730027,0.2216492,0.25102738,2.206415,0.8114298
1940,3.493515,0.9655893,3.667159,0.027167412,4.406701,5.642643,31.602285,0.19751814,0.14811397,0.2774889,0.38858443,3.8171785,0.98874086
1941,3.6472597,0.6555762,4.8947754,0.03982125,3.5181599,5.249755,34.418907,0.119195506,0.08656657,0.26348722,0.2610386,3.8835063,0.9151892
1942,4.22593,1.007967,7.3793383,0.005911293,5.921136,4.709655,33.228485,0.14955781,0.18885612,0.22996074,0.29168785,1.3142855,0.7730581
1943,4.3057766,0.29988194,4.6768813,0.008398427,6.1147404,5.3575935,33.97046,0.15571372,0.13701725,0.22334221,0.29593748,1.3213463,0.867639
1944,3.8048763,2.565545,6.9355755,0.012152458,3.7984467,4.321435,33.47676,0.13297892,0.11362791,0.34780148,0.26832223,5.259025,0.92275083
1945,3.7364736,-0.5727873,4.419611,0.017956084,5.909275,5.4968214,34.1509,0.28824243,0.1029892,0.15658219,0.27479622,1.355546,0.9529797
1946,3.5208688,-0.20727885,4.500289,0.03211482,4.4588165,5.477139,33.758293,0.152746,0.11618972,0.2905881,0.29550368,2.9686244,0.8392702
1947,3.7260857,-0.11956549,5.6335125,0.01952409,5.907918,4.946473,34.606598,0.14449225,0.16138709,0.41499537,0.21898277,1.9251382,0.7548002
1948,3.5494814,0.31439257,4.270812,0.016488578,4.143553,5.7691135,34.299686,0.11077912,0.1381731,0.25285456,0.28184745,1.0501384,0.9368692
1949,3.555111,0.08905125,4.291945,0.015298479,4.168277,5.858679,33.42492,0.11759526,0.13254356,0.271337,0.26001242,1.0815709,0.9324701
1950,3.4876566,0.7754693,3.611239,0.037409607,4.0981016,5.799573,33.759842,0.13206105,0.09830606,0.23307654,0.35816842,1.1461575,0.96631306
1951,3.8076668,0.5806196,5.571108,0.022395777,4.452323,5.2268605,33.463264,0.14885198,0.17394197,0.272805,0.23672979,4.853367,0.7778311
1952,3.946762,0.93353677,5.2605753,0.024533404,4.4897957,5.44291,33.342747,0.13761228,0.07965052,0.30983594,0.32622072,5.4056077,0.72765225
1953,4.052513,1.6634693,4.300273,0.01862269,4.1165657,5.481454,32.94597,0.1364458,0.09397042,0.27618292,0.33730024,4.351804,0.7378482
1954,3.9010444,0.9205494,5.06598,0.02078232,4.039321,5.456793,33.471428,0.14845243,0.11868429,0.28084752,0.29843795,3.3729553,0.60850513
1955,3.895399,-0.1866703,5.2621317,0.018940117,5.070752,5.3524275,34.16007,0.1317413,0.13886201,0.23255083,0.38869792,1.2508337,0.98797786
1956,3.7836165,1.4148624,4.8394856,0.01436565,4.4764786,4.836898,32.210854,0.120623976,0.11366165,0.28036886,0.31344053,6.6522584,0.9538868
1957,3.8744693,2.0305867,4.1330028,0.016738284,4.608219,5.6722174,32.660908,0.12333346,0.057949305,0.29801786,0.2883549,1.0587492,0.55014735
1958,3.6907973,0.22015285,4.443683,0.022309981,5.167021,5.539235,34.441116,0.10878349,0.14889586,0.28645086,0.32143164,3.0310616,0.97227746
1959,3.9585347,1.0575235,4.737653,0.017661987,5.105358,5.353093,33.96109,0.14120519,0.100183845,0.23245758,0.3297844,2.9137077,0.8758774
1960,3.5281143,0.5445063,5.720476,0.01823276,4.1558695,4.785651,33.882626,0.18007742,0.13519013,0.2009082,0.32030752,4.1824913,0.98543113
1961,3.6853065,0.5664139,4.907151,0.027960818,4.2042007,5.448245,33.713985,0.16123724,0.1302911,0.24925008,0.36591893,2.4017227,0.9469354
1962,3.2543912,1.3892603,5.2607965,0.018261423,3.3582354,4.6200137,32.83799,0.15056387,0.025886416,0.26456472,0.32003716,1.2498474,0.74098545
1963,3.5147362,1.3925734,5.6430025,0.028584607,4.078518,5.046732,33.066628,0.20204672,0.02317977,0.2883315,0.3303923,1.4574605,0.81108165
1964,3.5345159,0.83610773,3.7341766,0.019705089,3.955946,5.2550983,34.436634,0.14289312,0.111196876,0.22135662,0.33829892,1.1931624,0.82527506
1965,3.5129857,1.0861745,4.1486588,0.025525237,4.307704,5.259018,32.68393,0.12718458,0.11070824,0.2038723,0.26707673,1.1618057,0.9018526
1966,3.973257,1.5108912,6.676757,0.011051269,4.7724257,4.9772086,33.443993,0.11393999,0.117667675,0.38322014,0.29576305,4.074708,0.9092782
1967,3.468019,0.40693355,4.482875,0.043262213,4.019021,5.5781336,33.291946,0.20750412,0.10373783,0.1226749,0.31639063,5.130375,0.80019933
1968,3.8356004,-0.046263933,4.5260544,0.021936467,4.79766,5.5709596,35.151073,0.2709049,0.15440905,0.13768528,0.31077462,2.425177,0.99369305
1969,3.648919,0.26178122,4.764535,0.018281883,4.416703,5.054431,34.136314,0.23890021,0.14220881,0.1392152,0.37552792,3.4669673,0.98568726
1970,3.5534282,0.16560435,4.676942,0.027307706,4.6398745,5.0541334,35.12819,0.23885146,0.08856082,0.15246236,0.32631683,4.3622875,0.9858637
1971,3.6302404,-0.26102722,4.7439375,0.02829121,5.047778,5.503599,32.21495,0.18862586,0.079043746,0.16393034,0.35697252,2.5909147,0.9925075
1972,4.0846977,2.5915484,5.531008,0.005324394,4.511757,5.09793,33.919086,0.15462096,0.16866183,0.23808259,0.30284825,3.2301664,0.86924374
1973,3.6741943,0.03999734,3.5427837,0.031107245,4.325367,5.1652207,33.176407,0.14440104,0.0790633,0.30740377,0.31590778,5.598818,0.8940075
1974,3.7719626,0.21441722,2.5667932,0.018123776,5.5342665,5.626354,34.008183,0.2301858,0.088428736,0.18878007,0.23182566,1.9832518,0.69749194
1975,3.657858,-0.25424325,4.7684994,0.027304085,5.4158993,5.5886855,33.800602,0.22971964,0.07109392,0.16359347,0.22257766,1.2284265,0.8079874
1976,3.7365823,-0.10166645,3.5625377,0.021788208,4.5641184,5.8028812,35.253437,0.22705323,0.048223376,0.20086446,0.2271913,1.1072695,0.86628574
1977,3.947464,0.8772092,5.83418,0.02864419,4.079343,4.6706724,26.580105,0.12521075,0.41073406,0.3016389,0.60707945,9.662478,0.901134
1978,3.5551066,1.0145242,5.4651985,0.048728865,4.2980423,4.573658,26.272705,0.12756388,0.40737998,0.2520323,0.9300286,8.723505,0.5212281
1979,3.5239077,0.5810909,7.507662,0.012654543,4.4230804,4.046487,34.077324,0.13494374,0.14137769,0.23400372,0.23479837,1.0027934,0.9621442
1980,3.5383592,0.5400603,3.428539,0.032442085,4.3442574,5.8082476,33.653343,0.14335945,0.09978497,0.26998726,0.37259513,1.0555575,0.8296791
1981,3.7315502,2.3489761,4.9758444,0.014379113,4.540722,5.224447,32.98732,0.13057101,0.024225712,0.2532556,0.27056363,1.3835087,0.75813454
1982,3.7204137,-0.057376385,5.093836,0.015599616,5.4775763,5.06723,32.522087,0.11182171,0.20645702,0.2969339,0.26805663,3.669567,0.97260857
1983,3.9934993,-0.18546236,4.489499,0.025616348,5.7163124,5.37777,32.79292,0.1090641,0.17376626,0.31185073,0.23099479,4.470355,0.91952485
1984,3.5726032,0.8312597,3.0668974,0.050838206,5.05795,5.354013,30.953465,0.17558059,0.08751714,0.24295264,0.41985095,4.637594,0.80802494
1985,3.5305395,0.65885687,3.3479037,0.03279358,5.042096,5.669356,29.73513,0.18096578,0.07985771,0.26183903,0.43689114,4.511156,0.7057316
1986,3.5981135,0.04330516,5.0154085,0.032346524,3.7491608,5.4914026,34.416195,0.15997608,0.057234168,0.21454564,0.26108384,2.9741209,0.90137106
1987,4.025176,1.5526392,4.789811,0.023457227,5.108465,5.590652,31.350912,0.13586807,0.19939303,0.2456787,0.21483715,4.639045,0.7617869
1988,3.6564693,-0.31528902,4.7041864,0.023029624,5.3552074,4.8112574,32.857513,0.11641707,0.09792745,0.23873237,0.36186606,4.494091,0.7931714
1989,3.7245355,-0.7079359,5.6883707,0.021145642,5.8927574,5.4045897,33.55678,0.111653656,0.118864655,0.24161497,0.4335459,2.603106,0.9340904
1990,3.5354028,0.36410356,4.9707117,0.023918627,4.411668,4.9061465,35.734325,0.12152209,0.14603639,0.31967068,0.22791412,3.1861987,0.7905496
1991,3.8152008,0.46930408,4.3989525,0.01998349,5.1507626,5.525492,35.186287,0.100466855,0.12506473,0.236227,0.22443591,3.6459513,0.8060591
1992,3.7475076,0.59204316,4.8821874,0.014926143,5.27719,5.032647,32.221546,0.10071979,0.12831926,0.23723984,0.26090157,1.3978584,0.66554743
1993,3.7238731,0.5852089,6.962367,0.016635325,4.0465527,4.471282,36.563477,0.100245334,0.08220792,0.32338095,0.20055129,5.448194,0.8731293
1994,3.8395605,-0.21559882,5.7629423,0.017394155,4.272456,5.255028,34.275375,0.1004877,0.1173166,0.26514274,0.2010368,4.665161,0.9376709
1995,3.8043017,0.25023007,4.478877,0.024254791,4.827713,5.625901,35.23003,0.13806207,0.0984478,0.29909196,0.2038207,1.0625702,0.76503736
1996,3.5448961,0.12953377,3.8014948,0.0213116,4.7454777,5.592477,33.07199,0.1508361,0.13380218,0.20221046,0.21330996,1.274627,0.8331932
1997,3.9786744,1.2972331,4.514941,0.026275793,3.4971848,5.128295,33.92697,0.17138928,0.05732143,0.18769425,0.3551402,6.4252887,0.74725896
1998,3.7884583,2.8651428,3.133953,0.015725695,5.116169,5.3407307,32.254284,0.17833334,0.14813864,0.16277349,0.25631937,1.7576058,0.91117
1999,4.2326307,0.988714,5.278263,0.013751766,4.2758474,4.99237,34.389843,0.12038689,0.14789271,0.31314132,0.37884074,3.4286177,0.7754492
